<?xml version="1.0" encoding="UTF-8"?><MD_Metadata xmlns:xlink="http://www.w3.org/1999/xlink" xmlns:srv="http://www.isotc211.org/2005/srv" xmlns:gts="http://www.isotc211.org/2005/gts" xmlns:xalan="http://xml.apache.org/xalan" xmlns:gco="http://www.isotc211.org/2005/gco" xmlns:gml="http://www.opengis.net/gml" xmlns:xsi="http://www.w3.org/2001/XMLSchema-instance" xmlns="http://www.isotc211.org/2005/gmd">
<characterSet>
<MD_CharacterSetCode codeList="http://www.isotc211.org/2005/resources/Codelist/gmxCodelists.xml#MD_CharacterSetCode" codeListValue="utf8" codeSpace="ISOTC211/19115">utf8</MD_CharacterSetCode>
</characterSet>
<hierarchyLevel>
<MD_ScopeCode codeList="http://www.isotc211.org/2005/resources/Codelist/gmxCodelists.xml#MD_ScopeCode" codeListValue="dataset" codeSpace="ISOTC211/19115">dataset</MD_ScopeCode>
</hierarchyLevel>
<hierarchyLevelName>
<gco:CharacterString>dataset</gco:CharacterString>
</hierarchyLevelName>
<contact gco:nilReason="missing"/>
<dateStamp gco:nilReason="missing"/>
<metadataStandardName>
<gco:CharacterString>ISO 19139 Geographic Information - Metadata - Implementation Specification</gco:CharacterString>
</metadataStandardName>
<metadataStandardVersion>
<gco:CharacterString>2007</gco:CharacterString>
</metadataStandardVersion>
<identificationInfo>
<MD_DataIdentification>
<citation gco:nilReason="missing"/>
<abstract>
<gco:CharacterString>Daten des amtlichen Liegenschaftskatsterinformationssystems (ALKIS) - Die Bezirksgrenzen der 12 Berliner Bezirke.Quelle: Geoportal BerlinVerarbeitungsprozesse: WFS &amp;quot;ALKIS Bezirke&amp;quot; wurde in ArcGIS Pro importiert, nach Web Mercator projiziert und als Web Layer in ArcGIS Online veröffentlicht.</gco:CharacterString>
</abstract>
<purpose>
<gco:CharacterString>ALKIS Berliner Bezirke. Stand: 31.12.2017</gco:CharacterString>
</purpose>
<credit>
<gco:CharacterString>Geoportal Berlin / ALKIS Berlin - Bezirke</gco:CharacterString>
</credit>
<descriptiveKeywords>
<MD_Keywords>
<keyword>
<gco:CharacterString>Berlin</gco:CharacterString>
</keyword>
<keyword>
<gco:CharacterString>DE</gco:CharacterString>
</keyword>
<keyword>
<gco:CharacterString>Germany</gco:CharacterString>
</keyword>
<keyword>
<gco:CharacterString>Deutschland</gco:CharacterString>
</keyword>
<keyword>
<gco:CharacterString>Open Data</gco:CharacterString>
</keyword>
<keyword>
<gco:CharacterString>ALKIS</gco:CharacterString>
</keyword>
<keyword>
<gco:CharacterString>Grenzen</gco:CharacterString>
</keyword>
<keyword>
<gco:CharacterString>boundaries</gco:CharacterString>
</keyword>
<keyword>
<gco:CharacterString>Bezirke</gco:CharacterString>
</keyword>
<keyword>
<gco:CharacterString>bezirksgrenzen</gco:CharacterString>
</keyword>
</MD_Keywords>
</descriptiveKeywords>
<descriptiveKeywords>
<MD_Keywords>
<keyword>
<gco:CharacterString>Berlin</gco:CharacterString>
</keyword>
<keyword>
<gco:CharacterString>DE</gco:CharacterString>
</keyword>
<keyword>
<gco:CharacterString>Germany</gco:CharacterString>
</keyword>
<keyword>
<gco:CharacterString>Deutschland</gco:CharacterString>
</keyword>
<keyword>
<gco:CharacterString>Open Data</gco:CharacterString>
</keyword>
<keyword>
<gco:CharacterString>ALKIS</gco:CharacterString>
</keyword>
<keyword>
<gco:CharacterString>Grenzen</gco:CharacterString>
</keyword>
<keyword>
<gco:CharacterString>boundaries</gco:CharacterString>
</keyword>
<keyword>
<gco:CharacterString>Bezirke</gco:CharacterString>
</keyword>
<keyword>
<gco:CharacterString>bezirksgrenzen</gco:CharacterString>
</keyword>
</MD_Keywords>
</descriptiveKeywords>
<descriptiveKeywords>
<MD_Keywords>
<keyword>
<gco:CharacterString>Berlin</gco:CharacterString>
</keyword>
<keyword>
<gco:CharacterString>DE</gco:CharacterString>
</keyword>
<keyword>
<gco:CharacterString>Germany</gco:CharacterString>
</keyword>
<keyword>
<gco:CharacterString>Deutschland</gco:CharacterString>
</keyword>
<keyword>
<gco:CharacterString>Open Data</gco:CharacterString>
</keyword>
<keyword>
<gco:CharacterString>ALKIS</gco:CharacterString>
</keyword>
<keyword>
<gco:CharacterString>Grenzen</gco:CharacterString>
</keyword>
<keyword>
<gco:CharacterString>boundaries</gco:CharacterString>
</keyword>
<keyword>
<gco:CharacterString>Bezirke</gco:CharacterString>
</keyword>
<keyword>
<gco:CharacterString>bezirksgrenzen</gco:CharacterString>
</keyword>
</MD_Keywords>
</descriptiveKeywords>
<descriptiveKeywords>
<MD_Keywords>
<keyword>
<gco:CharacterString>Berlin</gco:CharacterString>
</keyword>
<keyword>
<gco:CharacterString>DE</gco:CharacterString>
</keyword>
<keyword>
<gco:CharacterString>Germany</gco:CharacterString>
</keyword>
<keyword>
<gco:CharacterString>Deutschland</gco:CharacterString>
</keyword>
<keyword>
<gco:CharacterString>Open Data</gco:CharacterString>
</keyword>
<keyword>
<gco:CharacterString>ALKIS</gco:CharacterString>
</keyword>
<keyword>
<gco:CharacterString>Grenzen</gco:CharacterString>
</keyword>
<keyword>
<gco:CharacterString>boundaries</gco:CharacterString>
</keyword>
<keyword>
<gco:CharacterString>Bezirke</gco:CharacterString>
</keyword>
<keyword>
<gco:CharacterString>bezirksgrenzen</gco:CharacterString>
</keyword>
</MD_Keywords>
</descriptiveKeywords>
<descriptiveKeywords>
<MD_Keywords>
<keyword>
<gco:CharacterString>Berlin</gco:CharacterString>
</keyword>
<keyword>
<gco:CharacterString>DE</gco:CharacterString>
</keyword>
<keyword>
<gco:CharacterString>Germany</gco:CharacterString>
</keyword>
<keyword>
<gco:CharacterString>Deutschland</gco:CharacterString>
</keyword>
<keyword>
<gco:CharacterString>Open Data</gco:CharacterString>
</keyword>
<keyword>
<gco:CharacterString>ALKIS</gco:CharacterString>
</keyword>
<keyword>
<gco:CharacterString>Grenzen</gco:CharacterString>
</keyword>
<keyword>
<gco:CharacterString>boundaries</gco:CharacterString>
</keyword>
<keyword>
<gco:CharacterString>Bezirke</gco:CharacterString>
</keyword>
<keyword>
<gco:CharacterString>bezirksgrenzen</gco:CharacterString>
</keyword>
</MD_Keywords>
</descriptiveKeywords>
<descriptiveKeywords>
<MD_Keywords>
<keyword>
<gco:CharacterString>Berlin</gco:CharacterString>
</keyword>
<keyword>
<gco:CharacterString>DE</gco:CharacterString>
</keyword>
<keyword>
<gco:CharacterString>Germany</gco:CharacterString>
</keyword>
<keyword>
<gco:CharacterString>Deutschland</gco:CharacterString>
</keyword>
<keyword>
<gco:CharacterString>Open Data</gco:CharacterString>
</keyword>
<keyword>
<gco:CharacterString>ALKIS</gco:CharacterString>
</keyword>
<keyword>
<gco:CharacterString>Grenzen</gco:CharacterString>
</keyword>
<keyword>
<gco:CharacterString>boundaries</gco:CharacterString>
</keyword>
<keyword>
<gco:CharacterString>Bezirke</gco:CharacterString>
</keyword>
<keyword>
<gco:CharacterString>bezirksgrenzen</gco:CharacterString>
</keyword>
</MD_Keywords>
</descriptiveKeywords>
<descriptiveKeywords>
<MD_Keywords>
<keyword>
<gco:CharacterString>Berlin</gco:CharacterString>
</keyword>
<keyword>
<gco:CharacterString>DE</gco:CharacterString>
</keyword>
<keyword>
<gco:CharacterString>Germany</gco:CharacterString>
</keyword>
<keyword>
<gco:CharacterString>Deutschland</gco:CharacterString>
</keyword>
<keyword>
<gco:CharacterString>Open Data</gco:CharacterString>
</keyword>
<keyword>
<gco:CharacterString>ALKIS</gco:CharacterString>
</keyword>
<keyword>
<gco:CharacterString>Grenzen</gco:CharacterString>
</keyword>
<keyword>
<gco:CharacterString>boundaries</gco:CharacterString>
</keyword>
<keyword>
<gco:CharacterString>Bezirke</gco:CharacterString>
</keyword>
<keyword>
<gco:CharacterString>bezirksgrenzen</gco:CharacterString>
</keyword>
</MD_Keywords>
</descriptiveKeywords>
<descriptiveKeywords>
<MD_Keywords>
<keyword>
<gco:CharacterString>Berlin</gco:CharacterString>
</keyword>
<keyword>
<gco:CharacterString>DE</gco:CharacterString>
</keyword>
<keyword>
<gco:CharacterString>Germany</gco:CharacterString>
</keyword>
<keyword>
<gco:CharacterString>Deutschland</gco:CharacterString>
</keyword>
<keyword>
<gco:CharacterString>Open Data</gco:CharacterString>
</keyword>
<keyword>
<gco:CharacterString>ALKIS</gco:CharacterString>
</keyword>
<keyword>
<gco:CharacterString>Grenzen</gco:CharacterString>
</keyword>
<keyword>
<gco:CharacterString>boundaries</gco:CharacterString>
</keyword>
<keyword>
<gco:CharacterString>Bezirke</gco:CharacterString>
</keyword>
<keyword>
<gco:CharacterString>bezirksgrenzen</gco:CharacterString>
</keyword>
</MD_Keywords>
</descriptiveKeywords>
<descriptiveKeywords>
<MD_Keywords>
<keyword>
<gco:CharacterString>Berlin</gco:CharacterString>
</keyword>
<keyword>
<gco:CharacterString>DE</gco:CharacterString>
</keyword>
<keyword>
<gco:CharacterString>Germany</gco:CharacterString>
</keyword>
<keyword>
<gco:CharacterString>Deutschland</gco:CharacterString>
</keyword>
<keyword>
<gco:CharacterString>Open Data</gco:CharacterString>
</keyword>
<keyword>
<gco:CharacterString>ALKIS</gco:CharacterString>
</keyword>
<keyword>
<gco:CharacterString>Grenzen</gco:CharacterString>
</keyword>
<keyword>
<gco:CharacterString>boundaries</gco:CharacterString>
</keyword>
<keyword>
<gco:CharacterString>Bezirke</gco:CharacterString>
</keyword>
<keyword>
<gco:CharacterString>bezirksgrenzen</gco:CharacterString>
</keyword>
</MD_Keywords>
</descriptiveKeywords>
<descriptiveKeywords>
<MD_Keywords>
<keyword>
<gco:CharacterString>Berlin</gco:CharacterString>
</keyword>
<keyword>
<gco:CharacterString>DE</gco:CharacterString>
</keyword>
<keyword>
<gco:CharacterString>Germany</gco:CharacterString>
</keyword>
<keyword>
<gco:CharacterString>Deutschland</gco:CharacterString>
</keyword>
<keyword>
<gco:CharacterString>Open Data</gco:CharacterString>
</keyword>
<keyword>
<gco:CharacterString>ALKIS</gco:CharacterString>
</keyword>
<keyword>
<gco:CharacterString>Grenzen</gco:CharacterString>
</keyword>
<keyword>
<gco:CharacterString>boundaries</gco:CharacterString>
</keyword>
<keyword>
<gco:CharacterString>Bezirke</gco:CharacterString>
</keyword>
<keyword>
<gco:CharacterString>bezirksgrenzen</gco:CharacterString>
</keyword>
</MD_Keywords>
</descriptiveKeywords>
<resourceConstraints>
<MD_Constraints>
<useLimitation>
<gco:CharacterString>Open Data  Nutzungsbedingungen NutzIII der Stadtentwicklung Berlin &amp;quot;Geoportal Berlin / ALKIS Berlin - Bezirke&amp;quot;</gco:CharacterString>
</useLimitation>
</MD_Constraints>
</resourceConstraints>
<language gco:nilReason="missing"/>
<characterSet>
<MD_CharacterSetCode codeList="http://www.isotc211.org/2005/resources/Codelist/gmxCodelists.xml#MD_CharacterSetCode" codeListValue="utf8" codeSpace="ISOTC211/19115">utf8</MD_CharacterSetCode>
</characterSet>
</MD_DataIdentification>
</identificationInfo>
</MD_Metadata>
