date,open,high,low,close,volume,Name
2013-02-08,67.7142,68.4014,66.8928,67.8542,158168416,AAPL
2013-02-11,68.0714,69.2771,67.6071,68.5614,129029425,AAPL
2013-02-12,68.5014,68.9114,66.8205,66.8428,151829363,AAPL
2013-02-13,66.7442,67.6628,66.1742,66.7156,118721995,AAPL
2013-02-14,66.3599,67.3771,66.2885,66.6556,88809154,AAPL
2013-02-15,66.9785,67.1656,65.7028,65.7371,97924631,AAPL
2013-02-19,65.8714,66.1042,64.8356,65.7128,108854046,AAPL
2013-02-20,65.3842,65.3842,64.1142,64.1214,118891367,AAPL
2013-02-21,63.7142,64.1671,63.2599,63.7228,111596821,AAPL
2013-02-22,64.1785,64.5142,63.7999,64.4014,82583823,AAPL
2013-02-25,64.8356,65.0171,63.2242,63.2571,92899597,AAPL
2013-02-26,63.4028,64.5056,62.5228,64.1385,125096657,AAPL
2013-02-27,64.0614,64.6342,62.9499,63.5099,146674682,AAPL
2013-02-28,63.4357,63.9814,63.0571,63.0571,80532382,AAPL
2013-03-01,62.5714,62.5971,61.4257,61.4957,137899041,AAPL
2013-03-04,61.1142,61.1714,59.8571,60.0071,145406366,AAPL
2013-03-05,60.2114,62.1699,60.1071,61.5919,159298020,AAPL
2013-03-06,62.0728,62.1785,60.6328,60.8088,114903180,AAPL
2013-03-07,60.6428,61.7157,60.1514,61.5117,116992841,AAPL
2013-03-08,61.3999,62.2042,61.2299,61.6742,97854442,AAPL
2013-03-11,61.3928,62.7157,60.7342,62.5528,118272126,AAPL
2013-03-12,62.2285,62.6971,61.0814,61.2042,116268341,AAPL
2013-03-13,61.2071,62.0714,60.7657,61.1928,101369051,AAPL
2013-03-14,61.8328,62.0914,61.4928,61.7857,75834906,AAPL
2013-03-15,62.5614,63.4614,62.4642,63.3799,160710606,AAPL
2013-03-18,63.0642,65.3514,63.0285,65.1028,150441144,AAPL
2013-03-19,65.6428,65.8528,64.0714,64.9271,131531708,AAPL
2013-03-20,65.3456,65.3756,64.2271,64.5828,77016849,AAPL
2013-03-21,64.3171,65.4256,64.2999,64.6756,95493524,AAPL
2013-03-22,64.9399,66.0142,64.7299,65.9871,98570591,AAPL
2013-03-25,66.3842,67.1356,65.9685,66.2256,125073165,AAPL
2013-03-26,66.4914,66.5485,65.7899,65.8765,73428208,AAPL
2013-03-27,65.2085,65.2571,64.3899,64.5828,81854409,AAPL
2013-03-28,64.2599,64.5455,63.0885,63.2371,110698007,AAPL
2013-04-01,63.1285,63.3854,61.1057,61.2728,97294421,AAPL
2013-04-02,61.0857,62.5914,60.9142,61.3988,132350022,AAPL
2013-04-03,61.6242,62.4685,61.4728,61.7128,90719482,AAPL
2013-04-04,61.9657,62.1428,60.7499,61.1028,89589332,AAPL
2013-04-05,60.6428,60.7071,59.9542,60.4571,95743088,AAPL
2013-04-08,60.6928,61.0714,60.3557,60.8871,75169647,AAPL
2013-04-09,60.9085,61.2142,60.3928,60.9971,76615504,AAPL
2013-04-10,61.1571,62.4371,60.8585,62.2414,93895844,AAPL
2013-04-11,61.9599,62.5699,61.5999,62.0471,82073628,AAPL
2013-04-12,62.0214,62.0214,61.2985,61.3999,59651011,AAPL
2013-04-15,60.9999,61.1271,59.9357,59.9785,79157071,AAPL
2013-04-16,60.2242,60.9442,60.0814,60.8914,76222076,AAPL
2013-04-17,60.0385,60.0857,56.8728,57.5428,236138966,AAPL
2013-04-18,57.8557,57.9699,55.6774,56.0071,166438048,AAPL
2013-04-19,55.4242,57.0857,55.0142,55.7899,152194413,AAPL
2013-04-22,56.0914,57.4571,55.8964,56.9528,107338322,AAPL
2013-04-23,57.7128,58.3401,56.9728,58.0185,160760747,AAPL
2013-04-24,56.2199,59.3214,56.0714,57.9231,242387530,AAPL
2013-04-25,58.7464,59.1342,58.1428,58.3399,95984896,AAPL
2013-04-26,58.5442,59.8241,58.3214,59.6007,191006032,AAPL
2013-04-29,60.0642,61.9452,59.9999,61.4457,159958876,AAPL
2013-04-30,62.1571,63.6071,61.7242,63.2542,172737600,AAPL
2013-05-01,63.4942,63.5614,62.0557,62.7557,126720237,AAPL
2013-05-02,63.1114,64.0842,62.9471,63.6457,105449078,AAPL
2013-05-03,64.4728,64.7471,64.1642,64.2828,90319201,AAPL
2013-05-06,65.1014,66.0285,64.9014,65.8156,124017747,AAPL
2013-05-07,66.4242,66.5356,64.8142,65.5225,120499960,AAPL
2013-05-08,65.5771,66.4814,65.1156,66.2628,118010781,AAPL
2013-05-09,65.6871,66.1428,65.0828,65.2528,99555337,AAPL
2013-05-10,65.4242,65.6728,64.3542,64.7099,83631828,AAPL
2013-05-13,64.5014,65.4142,64.4999,64.9628,79220953,AAPL
2013-05-14,64.8356,65.0285,63.1642,63.4085,111647130,AAPL
2013-05-15,62.7371,62.9999,60.3371,61.2642,185278968,AAPL
2013-05-16,60.4628,62.5499,59.8428,62.0825,150794546,AAPL
2013-05-17,62.7214,62.8699,61.5728,61.8942,106973181,AAPL
2013-05-20,61.7014,63.6857,61.4428,63.2757,112681030,AAPL
2013-05-21,62.5928,63.6399,62.0285,62.8085,113921367,AAPL
2013-05-22,63.4357,64.0499,62.6028,63.0505,110727309,AAPL
2013-05-23,62.2785,63.7371,62.2557,63.1628,88244695,AAPL
2013-05-24,62.9785,63.6657,62.9085,63.5928,69036716,AAPL
2013-05-28,64.2714,64.4442,62.9785,63.0627,96404189,AAPL
2013-05-29,62.8571,63.9285,62.7714,63.5642,82641944,AAPL
2013-05-30,63.6642,64.9285,63.5014,64.5114,88379522,AAPL
2013-05-31,64.6428,65.2999,64.2142,64.2478,95832240,AAPL
2013-06-03,64.3899,64.6228,63.2114,64.3885,92926932,AAPL
2013-06-04,64.7456,64.9185,63.9128,64.1871,72860221,AAPL
2013-06-05,63.6642,64.3885,63.3871,63.5871,72545760,AAPL
2013-06-06,63.6385,63.8571,62.0071,62.6371,104230322,AAPL
2013-06-07,62.3571,63.3199,61.8242,63.1158,101120551,AAPL
2013-06-10,63.5328,64.1541,62.3999,62.6985,112522179,AAPL
2013-06-11,62.2485,63.2514,61.9028,62.5142,71526560,AAPL
2013-06-12,62.7857,63.0357,61.6428,61.7414,66295887,AAPL
2013-06-13,61.7857,62.4485,61.2499,62.2807,71456693,AAPL
2013-06-14,62.1999,62.3271,61.2142,61.4357,67962419,AAPL
2013-06-17,61.6342,62.2428,61.4802,61.7142,64818670,AAPL
2013-06-18,61.6514,62.1285,61.4585,61.6814,48753768,AAPL
2013-06-19,61.6285,61.6657,60.4285,60.4285,77715057,AAPL
2013-06-20,59.8999,60.8542,59.3099,59.5482,89327210,AAPL
2013-06-21,59.7842,59.9999,58.3,59.0714,120286768,AAPL
2013-06-24,58.1999,58.3799,56.8642,57.5057,120104964,AAPL
2013-06-25,57.9571,58.2557,56.9757,57.5185,78534687,AAPL
2013-06-26,57.6999,57.8271,56.5228,56.8671,91924994,AAPL
2013-06-27,57.0357,57.3414,56.2199,56.2542,84297955,AAPL
2013-06-28,55.9085,57.1814,55.5528,56.6471,144619734,AAPL
2013-07-01,57.5271,58.8957,57.3171,58.4599,97743408,AAPL
2013-07-02,58.5657,60.2328,58.4957,59.7842,117442150,AAPL
2013-07-03,60.1228,60.4257,59.6357,60.1142,60232158,AAPL
2013-07-05,60.0557,60.4699,59.3357,59.6314,68505794,AAPL
2013-07-08,60.0157,60.1428,58.6642,59.2928,74521398,AAPL
2013-07-09,59.0857,60.4999,58.6257,60.3357,88142026,AAPL
2013-07-10,59.9428,60.6857,59.7499,60.1042,70107226,AAPL
2013-07-11,60.4214,61.1785,60.1671,61.0411,81571665,AAPL
2013-07-12,61.0928,61.3985,60.4871,60.9299,69882694,AAPL
2013-07-15,60.7157,61.6371,60.6857,61.0628,60478033,AAPL
2013-07-16,60.9314,61.5299,60.5957,61.4564,54033805,AAPL
2013-07-17,61.3857,61.7457,61.1742,61.4728,49743169,AAPL
2013-07-18,61.9114,62.1242,61.5157,61.6797,54696012,AAPL
2013-07-19,61.8714,61.9971,60.6214,60.7071,67174828,AAPL
2013-07-22,61.3514,61.3928,60.7811,60.9014,51946202,AAPL
2013-07-23,60.8571,60.9942,59.8157,59.8557,91062300,AAPL
2013-07-24,62.7042,63.5128,62.1799,62.9299,147978789,AAPL
2013-07-25,62.9571,63.0571,62.2585,62.6428,57371671,AAPL
2013-07-26,62.1857,63.0057,62.0485,62.9985,50031170,AAPL
2013-07-29,62.9714,64.2842,62.8857,63.9699,62021344,AAPL
2013-07-30,64.2799,65.3071,64.1757,64.7599,77257432,AAPL
2013-07-31,64.9985,65.3346,64.2042,64.6471,80637830,AAPL
2013-08-01,65.1075,65.2571,64.7514,65.2394,51461179,AAPL
2013-08-02,65.4299,66.1214,65.2371,66.0771,68467077,AAPL
2013-08-05,66.3842,67.2385,66.0214,67.0642,79589930,AAPL
2013-08-06,66.8599,67.4128,66.0242,66.4642,83715443,AAPL
2013-08-07,66.2571,66.7142,65.9671,66.4256,74663176,AAPL
2013-08-08,66.2649,66.2999,65.4214,65.8585,63946841,AAPL
2013-08-09,65.5199,65.7799,64.8071,64.9214,66772986,AAPL
2013-08-12,65.2656,66.9499,65.2328,66.7656,91008477,AAPL
2013-08-13,67.2771,70.6656,66.8642,69.9385,219634975,AAPL
2013-08-14,71.1256,72.0356,70.4856,71.2142,188602792,AAPL
2013-08-15,70.9171,71.7712,69.869,71.1299,122441893,AAPL
2013-08-16,71.4499,71.8485,71.2656,71.7614,90461889,AAPL
2013-08-19,72.0485,73.3914,71.9999,72.5342,127478547,AAPL
2013-08-20,72.8156,72.9385,71.5456,71.5814,89531771,AAPL
2013-08-21,71.9414,72.4499,71.5999,71.7656,83809726,AAPL
2013-08-22,72.1399,72.2271,71.1714,71.8514,60877852,AAPL
2013-08-23,71.8956,71.9071,71.3356,71.5742,55587686,AAPL
2013-08-26,71.5356,72.8856,71.4999,71.8528,82398085,AAPL
2013-08-27,71.1428,71.7871,69.4714,69.7985,105930335,AAPL
2013-08-28,69.4285,70.8285,69.4285,70.1279,76793066,AAPL
2013-08-29,70.2356,70.9285,70.1614,70.2428,59807748,AAPL
2013-08-30,70.2856,70.4214,69.4999,69.6022,68078395,AAPL
2013-09-03,70.4428,71.5142,69.6214,69.7971,83000148,AAPL
2013-09-04,71.3656,71.7485,70.8971,71.2415,86049453,AAPL
2013-09-05,71.4642,71.5256,70.5199,70.7528,58913211,AAPL
2013-09-06,71.2056,71.3399,69.9928,71.1742,89551595,AAPL
2013-09-09,72.1428,72.5599,71.9256,72.3099,84887432,AAPL
2013-09-10,72.3142,72.4928,69.9285,70.6628,185494435,AAPL
2013-09-11,66.7157,67.6699,66.4014,66.8156,224250866,AAPL
2013-09-12,66.9285,67.9142,66.5728,67.5271,100874816,AAPL
2013-09-13,67.0485,67.4041,66.3856,66.4142,74578903,AAPL
2013-09-16,65.8571,65.9442,63.8885,64.3028,136823442,AAPL
2013-09-17,63.9942,65.6728,63.9285,65.0456,99756489,AAPL
2013-09-18,66.1685,66.6214,65.8085,66.3828,113743049,AAPL
2013-09-19,67.2428,67.9756,67.0356,67.4714,100918377,AAPL
2013-09-20,68.2856,68.3642,66.5714,66.7728,174570949,AAPL
2013-09-23,70.8714,70.9871,68.9428,70.0914,190021706,AAPL
2013-09-24,70.6971,70.7814,69.6885,69.8714,90602953,AAPL
2013-09-25,69.8856,69.9485,68.7757,68.7899,79110192,AAPL
2013-09-26,69.4285,69.7942,69.1285,69.4599,59086559,AAPL
2013-09-27,69.1114,69.2385,68.6742,68.9642,56816676,AAPL
2013-09-30,68.1785,68.8085,67.7729,68.1071,64852879,AAPL
2013-10-01,68.3499,69.8771,68.3401,69.7085,88255013,AAPL
2013-10-02,69.3756,70.2571,69.1071,69.9371,71849680,AAPL
2013-10-03,70.0728,70.3356,68.6769,69.0585,80629248,AAPL
2013-10-04,69.1228,69.2285,68.3714,69.0042,64673329,AAPL
2013-10-07,69.5085,70.3785,69.3356,69.6785,77919884,AAPL
2013-10-08,69.9914,70.0914,68.6485,68.7056,72418815,AAPL
2013-10-09,69.2342,69.6842,68.3256,69.5125,75311488,AAPL
2013-10-10,70.1885,70.3399,69.5771,69.9482,69650490,AAPL
2013-10-11,69.5699,70.5485,69.3085,70.4016,66934938,AAPL
2013-10-14,69.9756,71.0828,69.9071,70.8628,65474542,AAPL
2013-10-15,71.0721,71.7142,70.7885,71.2399,80018603,AAPL
2013-10-16,71.5414,71.7899,71.3185,71.5876,62775013,AAPL
2013-10-17,71.4256,72.1114,71.3828,72.0714,63398335,AAPL
2013-10-18,72.2842,72.7514,72.2442,72.6985,72635570,AAPL
2013-10-21,73.1099,74.8999,73.0742,74.4802,99526945,AAPL
2013-10-22,75.2006,75.4927,72.5756,74.2667,133515753,AAPL
2013-10-23,74.1428,75.0956,74.1428,74.9942,78431122,AAPL
2013-10-24,74.9999,76.0671,74.6356,75.9871,96191095,AAPL
2013-10-25,75.9021,76.1756,75.0156,75.1368,84448133,AAPL
2013-10-28,75.5771,75.8571,74.7442,75.6965,137610123,AAPL
2013-10-29,76.6099,77.0356,73.5056,73.8111,158952115,AAPL
2013-10-30,74.2299,75.3599,73.8599,74.9851,88540697,AAPL
2013-10-31,74.9999,75.3556,74.4671,74.6716,68923785,AAPL
2013-11-01,74.8599,74.9714,73.6914,74.2899,68722304,AAPL
2013-11-04,74.4428,75.2599,74.1156,75.2499,61157033,AAPL
2013-11-05,74.9399,75.5549,74.7142,75.0641,66368071,AAPL
2013-11-06,74.8785,74.9799,74.0285,74.4171,55844152,AAPL
2013-11-07,74.2256,74.7414,73.1971,73.2131,65655100,AAPL
2013-11-08,73.5114,74.4471,73.2271,74.3656,69829543,AAPL
2013-11-11,74.2842,74.5242,73.4871,74.1496,56863303,AAPL
2013-11-12,73.9528,74.8456,73.8571,74.2871,51114651,AAPL
2013-11-13,73.9999,74.6071,73.8514,74.3762,49304927,AAPL
2013-11-14,74.6871,75.6114,74.5528,75.4514,70605087,AAPL
2013-11-15,75.2256,75.5842,74.9271,74.9986,79479764,AAPL
2013-11-18,74.9985,75.3128,74.0285,74.0898,61236224,AAPL
2013-11-19,74.1471,74.7685,73.9956,74.2214,52234707,AAPL
2013-11-20,74.1756,74.3456,73.4756,73.5714,48545798,AAPL
2013-11-21,73.9428,74.4585,73.3814,74.4479,65506861,AAPL
2013-11-22,74.2171,74.5942,74.0756,74.2571,55931232,AAPL
2013-11-25,74.4314,75.1242,74.4285,74.8199,57348403,AAPL
2013-11-26,74.8742,76.5914,74.8571,76.1999,100345728,AAPL
2013-11-27,76.6156,77.9999,76.1999,77.9942,90861841,AAPL
2013-11-29,78.4971,79.7613,78.2585,79.4385,79532215,AAPL
2013-12-02,79.7142,80.6185,78.6885,78.7471,118135885,AAPL
2013-12-03,79.7571,80.9113,79.6685,80.9031,112741734,AAPL
2013-12-04,80.7856,81.3128,80.1171,80.7142,94452666,AAPL
2013-12-05,81.8071,82.1622,80.9156,81.1286,111895315,AAPL
2013-12-06,80.8271,80.9642,79.9385,80.0028,86088352,AAPL
2013-12-09,80.1285,81.3685,80.1285,80.9185,80123533,AAPL
2013-12-10,80.5113,81.1256,80.1713,80.7928,69567610,AAPL
2013-12-11,80.9999,81.5671,79.9556,80.1942,89929693,AAPL
2013-12-12,80.3058,80.7628,80.0042,80.0771,65572318,AAPL
2013-12-13,80.4071,80.4113,79.0956,79.2042,83205283,AAPL
2013-12-16,79.2885,80.3769,79.2871,79.6428,70648452,AAPL
2013-12-17,79.4013,79.9199,79.0535,79.2842,57475649,AAPL
2013-12-18,78.5285,78.7785,76.9714,78.6813,141465807,AAPL
2013-12-19,78.4999,78.5713,77.6757,77.7799,80239369,AAPL
2013-12-20,77.9185,78.8013,77.831,78.4314,109103435,AAPL
2013-12-23,81.1428,81.5313,80.3942,81.4413,125326831,AAPL
2013-12-24,81.4128,81.6971,80.8613,81.0956,41888735,AAPL
2013-12-26,81.1571,81.3571,80.4822,80.5571,51002035,AAPL
2013-12-27,80.5456,80.6299,79.9285,80.0128,56471317,AAPL
2013-12-30,79.6371,80.0128,78.9029,79.2171,63407722,AAPL
2013-12-31,79.1671,80.1828,79.1428,80.1456,55819372,AAPL
2014-01-02,79.3828,79.5756,78.8601,79.0185,58791957,AAPL
2014-01-03,78.9799,79.0999,77.2042,77.2828,98303870,AAPL
2014-01-06,76.7785,78.1142,76.2285,77.7042,103359151,AAPL
2014-01-07,77.7599,77.9942,76.8464,77.1481,79432766,AAPL
2014-01-08,76.9728,77.9371,76.9556,77.6371,64686685,AAPL
2014-01-09,78.1142,78.1228,76.4785,76.6455,69905199,AAPL
2014-01-10,77.1185,77.2571,75.8728,76.1342,76320664,AAPL
2014-01-13,75.7014,77.4999,75.6971,76.5328,94860843,AAPL
2014-01-14,76.8885,78.1042,76.8085,78.0556,83734371,AAPL
2014-01-15,79.0742,80.0285,78.8085,79.6228,98472619,AAPL
2014-01-16,79.2713,79.5499,78.8113,79.1785,57471330,AAPL
2014-01-17,78.7828,78.8671,77.1285,77.2385,108426689,AAPL
2014-01-21,77.2842,78.5813,77.2028,78.4385,82255544,AAPL
2014-01-22,78.702,79.6128,78.2585,78.7871,95219334,AAPL
2014-01-23,78.5628,79.4999,77.8294,79.4542,100978346,AAPL
2014-01-24,79.1428,79.3742,77.8214,78.0099,108384437,AAPL
2014-01-27,78.5813,79.2571,77.9642,78.6428,144219152,AAPL
2014-01-28,72.6799,73.5714,71.7242,72.3571,266833581,AAPL
2014-01-29,71.9928,72.4814,71.2314,71.5356,125942796,AAPL
2014-01-30,71.7914,72.3571,70.9571,71.3974,169762789,AAPL
2014-01-31,70.7399,71.6471,70.5071,71.5142,116336444,AAPL
2014-02-03,71.8014,72.5328,71.3285,71.6471,100620772,AAPL
2014-02-04,72.2642,72.7799,71.8228,72.6842,94273543,AAPL
2014-02-05,72.3656,73.6114,72.3216,73.2271,82322156,AAPL
2014-02-06,72.8656,73.3571,72.5442,73.2156,64497223,AAPL
2014-02-07,74.4828,74.7042,73.9114,74.2399,93638601,AAPL
2014-02-10,74.0942,75.9985,73.9999,75.5699,86451022,AAPL
2014-02-11,75.8014,76.8214,75.6428,76.5656,70672252,AAPL
2014-02-12,76.7071,77.0799,76.1771,76.5599,77127064,AAPL
2014-02-13,76.3799,77.8356,76.3142,77.7756,76960156,AAPL
2014-02-14,77.4956,77.9971,77.3156,77.7128,68468036,AAPL
2014-02-18,77.9999,78.7413,77.9442,77.9985,65306248,AAPL
2014-02-19,77.8214,78.1271,76.3356,76.7671,78554420,AAPL
2014-02-20,76.1414,76.7142,75.5714,75.8785,76529103,AAPL
2014-02-21,76.1132,76.3671,74.9428,75.0356,69757247,AAPL
2014-02-24,74.7356,75.7028,74.6314,75.3642,72364950,AAPL
2014-02-25,75.6256,75.6521,74.4285,74.5799,58247350,AAPL
2014-02-26,74.8014,74.9999,73.6571,73.9071,69131286,AAPL
2014-02-27,73.8771,75.5399,73.7214,75.3814,75557321,AAPL
2014-02-28,75.5828,76.1071,74.5885,75.1771,93074653,AAPL
2014-03-03,74.7742,75.8071,74.6871,75.3942,59667923,AAPL
2014-03-04,75.8571,76.0914,75.3956,75.8914,64884834,AAPL
2014-03-05,75.8456,76.3928,75.5899,76.0514,50065519,AAPL
2014-03-06,76.1128,76.3485,75.4428,75.8214,46423111,AAPL
2014-03-07,75.8699,75.9971,75.1499,75.7771,55415241,AAPL
2014-03-10,75.4799,76.1899,75.4769,75.8456,44691430,AAPL
2014-03-11,76.4928,76.9628,76.0842,76.5842,70198849,AAPL
2014-03-12,76.3585,76.7642,75.9999,76.6585,50195460,AAPL
2014-03-13,76.7771,77.0942,75.5942,75.8071,64435609,AAPL
2014-03-14,75.5414,75.8414,74.7142,74.9556,59299492,AAPL
2014-03-17,75.3856,75.7099,75.1214,75.2485,49886074,AAPL
2014-03-18,75.1285,75.9956,75.0285,75.9142,52411863,AAPL
2014-03-19,76.0371,76.6056,75.5714,75.8942,56188958,AAPL
2014-03-20,75.6985,76.0956,75.3356,75.5285,52099537,AAPL
2014-03-21,75.9899,76.2499,75.1899,76.1242,93612169,AAPL
2014-03-24,76.9171,77.2142,76.4371,77.0271,88924871,AAPL
2014-03-25,77.3571,77.9642,77.0842,77.8556,70573356,AAPL
2014-03-26,78.0742,78.4285,76.9799,77.1114,74942224,AAPL
2014-03-27,77.1449,77.3571,76.4457,76.7799,55507676,AAPL
2014-03-28,76.9028,76.9913,76.3214,76.6942,50141063,AAPL
2014-03-31,77.0328,77.2585,76.5614,76.6771,42167188,AAPL
2014-04-01,76.8228,77.4099,76.6814,77.3785,50189685,AAPL
2014-04-02,77.4828,77.6399,77.1799,77.5071,44792195,AAPL
2014-04-03,77.3414,77.4999,76.8056,76.9699,40648111,AAPL
2014-04-04,77.1156,77.1428,75.7971,75.9742,68812485,AAPL
2014-04-07,75.4314,75.8428,74.5556,74.7814,72462530,AAPL
2014-04-08,75.0271,75.1599,74.0999,74.7771,60971883,AAPL
2014-04-09,74.6628,75.7842,74.5742,75.7599,51542722,AAPL
2014-04-10,75.8114,76.0342,74.7385,74.7828,59912818,AAPL
2014-04-11,74.1428,74.6899,73.8771,74.2299,67975012,AAPL
2014-04-14,74.5571,74.5942,73.8871,74.5256,51445177,AAPL
2014-04-15,74.3242,74.5199,73.0471,73.9942,66622577,AAPL
2014-04-16,74.0071,74.4414,73.4478,74.1442,53732994,AAPL
2014-04-17,74.2856,75.3942,74.1714,74.9914,71106721,AAPL
2014-04-21,75.0485,76.0199,74.8514,75.8814,45668931,AAPL
2014-04-22,75.4728,75.9751,75.2144,75.9569,50664453,AAPL
2014-04-23,75.5799,75.8756,74.9214,74.9642,98735259,AAPL
2014-04-24,81.1728,81.4285,80.1042,81.1099,189978082,AAPL
2014-04-25,80.6471,81.7128,80.5656,81.7056,97568814,AAPL
2014-04-28,81.8285,85.1071,81.7928,84.8699,167371680,AAPL
2014-04-29,84.8199,85.1399,84.2156,84.6185,84344673,AAPL
2014-04-30,84.6628,85.6328,84.2571,84.2985,114220883,AAPL
2014-05-01,84.5713,84.9713,83.7656,84.4971,61052418,AAPL
2014-05-02,84.6199,84.8856,84.2442,84.6542,47878572,AAPL
2014-05-05,84.3056,85.8571,84.2856,85.8513,71766758,AAPL
2014-05-06,85.9713,86.3442,84.9156,84.9156,93641373,AAPL
2014-05-07,85.0356,85.3271,83.9613,84.6185,70715988,AAPL
2014-05-08,84.0356,84.9156,83.7713,83.9985,57574363,AAPL
2014-05-09,83.5056,83.7499,82.9042,83.6488,72899498,AAPL
2014-05-12,83.9271,84.8085,83.9142,84.6899,53324677,AAPL
2014-05-13,84.5713,84.9342,84.3856,84.8228,39934594,AAPL
2014-05-14,84.6328,85.3428,84.5342,84.8385,41600846,AAPL
2014-05-15,84.9571,85.2285,84.0056,84.1171,57711731,AAPL
2014-05-16,84.0899,85.3613,83.6285,85.3585,69091834,AAPL
2014-05-19,85.4071,86.7613,85.3328,86.3699,79439024,AAPL
2014-05-20,86.3585,86.6285,85.8185,86.3871,58708986,AAPL
2014-05-21,86.2613,86.6713,86.0085,86.6156,49249914,AAPL
2014-05-22,86.6571,87.1213,86.2999,86.7528,50218945,AAPL
2014-05-23,86.7499,87.8184,86.6385,87.7328,58052491,AAPL
2014-05-27,87.9828,89.4085,87.9471,89.3756,87216605,AAPL
2014-05-28,89.4313,89.9756,89.1113,89.1442,78921885,AAPL
2014-05-29,89.6928,90.9813,89.6813,90.7685,94118633,AAPL
2014-05-30,91.1399,92.0242,89.8428,90.4285,141005137,AAPL
2014-06-02,90.5656,90.6899,88.9285,89.8071,92337903,AAPL
2014-06-03,89.7799,91.2485,89.7499,91.0771,73231620,AAPL
2014-06-04,91.0628,92.5556,90.8728,92.1171,83870521,AAPL
2014-06-05,92.3142,92.76700000000001,91.8013,92.4785,75951141,AAPL
2014-06-06,92.8428,93.037,92.0671,92.2242,87620911,AAPL
2014-06-09,92.7,93.88,91.75,93.7,75414804,AAPL
2014-06-10,94.73,95.05,93.57,94.25,62777042,AAPL
2014-06-11,94.13,94.76,93.47,93.86,45681114,AAPL
2014-06-12,94.04,94.12,91.9,92.29,54748791,AAPL
2014-06-13,92.2,92.44,90.88,91.28,54525280,AAPL
2014-06-16,91.51,92.75,91.45,92.2,35561270,AAPL
2014-06-17,92.31,92.7,91.8,92.08,29726347,AAPL
2014-06-18,92.27,92.29,91.35,92.18,33514108,AAPL
2014-06-19,92.29,92.3,91.3389,91.86,35527686,AAPL
2014-06-20,91.85,92.55,90.9,90.91,100898066,AAPL
2014-06-23,91.32,91.62,90.6,90.83,43694391,AAPL
2014-06-24,90.75,91.74,90.19,90.28,39036087,AAPL
2014-06-25,90.21,90.7,89.65,90.36,36868541,AAPL
2014-06-26,90.37,91.05,89.8,90.9,32629359,AAPL
2014-06-27,90.82,92.0,90.77,91.98,64028803,AAPL
2014-06-30,92.1,93.725,92.09,92.93,49589028,AAPL
2014-07-01,93.52,94.07,93.13,93.52,38223477,AAPL
2014-07-02,93.865,94.06,93.09,93.48,28465073,AAPL
2014-07-03,93.67,94.1,93.2,94.03,22891753,AAPL
2014-07-07,94.14,95.99,94.1,95.96799999999999,56467939,AAPL
2014-07-08,96.27,96.8,93.92,95.35,65221678,AAPL
2014-07-09,95.44,95.95,94.76,95.39,36436440,AAPL
2014-07-10,93.76,95.55,93.52,95.035,39685552,AAPL
2014-07-11,95.36,95.89,94.8625,95.22,34018228,AAPL
2014-07-14,95.86,96.89,95.65,96.45,42810155,AAPL
2014-07-15,96.8,96.85,95.03,95.32,45696176,AAPL
2014-07-16,96.97,97.1,94.74,94.78,53502415,AAPL
2014-07-17,95.03,95.279,92.57,93.0899,57298243,AAPL
2014-07-18,93.62,94.74,93.02,94.43,49987593,AAPL
2014-07-21,94.99,95.0,93.72,93.939,39079002,AAPL
2014-07-22,94.68,94.89,94.12,94.72,55196597,AAPL
2014-07-23,95.42,97.88,95.17,97.19,92917719,AAPL
2014-07-24,97.035,97.32,96.42,97.03,45728843,AAPL
2014-07-25,96.85,97.84,96.64,97.671,43469117,AAPL
2014-07-28,97.82,99.24,97.55,99.02,55317689,AAPL
2014-07-29,99.33,99.44,98.25,98.38,43143095,AAPL
2014-07-30,98.44,98.7,97.67,98.15,33010001,AAPL
2014-07-31,97.16,97.45,95.33,95.6,56842647,AAPL
2014-08-01,94.9,96.62,94.81,96.13,48511286,AAPL
2014-08-04,96.37,96.58,95.17,95.59,39958144,AAPL
2014-08-05,95.36,95.68,94.36,95.12,55932663,AAPL
2014-08-06,94.75,95.48,94.71,94.96,38558342,AAPL
2014-08-07,94.93,95.95,94.1,94.48,46711179,AAPL
2014-08-08,94.26,94.82,93.28,94.74,41865193,AAPL
2014-08-11,95.27,96.08,94.8355,95.99,36584844,AAPL
2014-08-12,96.04,96.88,95.61,95.97,33795352,AAPL
2014-08-13,96.15,97.24,96.04,97.24,31866088,AAPL
2014-08-14,97.33,97.57,96.8,97.5,28115566,AAPL
2014-08-15,97.9,98.19,96.86,97.98,48951331,AAPL
2014-08-18,98.49,99.37,97.98,99.16,47572413,AAPL
2014-08-19,99.41,100.68,99.32,100.53,69399270,AAPL
2014-08-20,100.44,101.09,99.95,100.57,52699192,AAPL
2014-08-21,100.57,100.94,100.11,100.58,33478198,AAPL
2014-08-22,100.29,101.47,100.19,101.32,44183834,AAPL
2014-08-25,101.79,102.17,101.28,101.54,40270173,AAPL
2014-08-26,101.42,101.5,100.86,100.889,33151984,AAPL
2014-08-27,101.02,102.57,100.7,102.13,52369011,AAPL
2014-08-28,101.59,102.78,101.56,102.25,68459801,AAPL
2014-08-29,102.86,102.9,102.2,102.5,44595247,AAPL
2014-09-02,103.06,103.74,102.72,103.3,53564262,AAPL
2014-09-03,103.1,103.2,98.58,98.94,125420521,AAPL
2014-09-04,98.85,100.09,97.79,98.12,85718221,AAPL
2014-09-05,98.8,99.39,98.31,98.97,58457035,AAPL
2014-09-08,99.3,99.31,98.05,98.36,46356742,AAPL
2014-09-09,99.08,103.08,96.14,97.99,189846255,AAPL
2014-09-10,98.01,101.11,97.76,101.0,100869587,AAPL
2014-09-11,100.41,101.44,99.62,101.43,62399743,AAPL
2014-09-12,101.21,102.19,101.08,101.66,64096903,AAPL
2014-09-15,102.81,103.05,101.44,101.63,61316516,AAPL
2014-09-16,99.8,101.26,98.89,100.86,66908133,AAPL
2014-09-17,101.27,101.8,100.5922,101.58,60926498,AAPL
2014-09-18,101.93,102.35,101.56,101.79,37299435,AAPL
2014-09-19,102.29,102.35,100.88,100.96,70902406,AAPL
2014-09-22,101.8,102.14,100.58,101.06,52788426,AAPL
2014-09-23,100.6,102.94,100.54,102.64,63402196,AAPL
2014-09-24,102.16,102.85,101.2,101.75,60171828,AAPL
2014-09-25,100.51,100.71,97.72,97.87,100091990,AAPL
2014-09-26,98.53,100.75,98.4,100.75,62370501,AAPL
2014-09-29,98.65,100.435,98.63,100.11,49766312,AAPL
2014-09-30,100.81,101.54,100.53,100.75,55264139,AAPL
2014-10-01,100.59,100.69,98.7,99.18,51491286,AAPL
2014-10-02,99.27,100.22,98.04,99.9,47757828,AAPL
2014-10-03,99.44,100.21,99.04,99.62,43469585,AAPL
2014-10-06,99.95,100.65,99.42,99.62,37051182,AAPL
2014-10-07,99.43,100.12,98.73,98.75,42094183,AAPL
2014-10-08,98.76,101.11,98.31,100.8,57404674,AAPL
2014-10-09,101.54,102.38,100.61,101.02,77376525,AAPL
2014-10-10,100.69,102.03,100.3,100.73,66331592,AAPL
2014-10-13,101.33,101.78,99.81,99.81,53583368,AAPL
2014-10-14,100.39,100.52,98.57,98.75,63688562,AAPL
2014-10-15,97.97,99.15,95.18,97.54,100933600,AAPL
2014-10-16,95.55,97.72,95.41,96.26,72154523,AAPL
2014-10-17,97.5,99.0,96.81,97.67,68179688,AAPL
2014-10-20,98.315,99.96,98.22,99.76,77517279,AAPL
2014-10-21,103.02,103.02,101.27,102.47,94623904,AAPL
2014-10-22,102.84,104.11,102.6,102.99,68263146,AAPL
2014-10-23,104.08,105.051,103.63,104.83,71074674,AAPL
2014-10-24,105.18,105.49,104.53,105.22,47053916,AAPL
2014-10-27,104.85,105.48,104.7,105.11,34187701,AAPL
2014-10-28,105.4,106.74,105.35,106.74,48060949,AAPL
2014-10-29,106.65,107.37,106.36,107.34,52687879,AAPL
2014-10-30,106.959,107.35,105.9,106.98,40654793,AAPL
2014-10-31,108.01,108.04,107.21,108.0,44639285,AAPL
2014-11-03,108.22,110.3,108.01,109.4,52282550,AAPL
2014-11-04,109.36,109.49,107.72,108.6,41574365,AAPL
2014-11-05,109.1,109.3,108.125,108.86,37435905,AAPL
2014-11-06,108.6,108.79,107.8,108.7,34968457,AAPL
2014-11-07,108.75,109.32,108.55,109.01,33691535,AAPL
2014-11-10,109.02,109.33,108.67,108.83,27195547,AAPL
2014-11-11,108.7,109.75,108.4,109.7,27442252,AAPL
2014-11-12,109.38,111.43,109.37,111.25,46942431,AAPL
2014-11-13,111.8,113.45,111.6,112.82,59522855,AAPL
2014-11-14,113.15,114.19,113.05,114.18,44063595,AAPL
2014-11-17,114.27,117.28,113.3,113.99,46746712,AAPL
2014-11-18,113.94,115.69,113.89,115.47,44223978,AAPL
2014-11-19,115.44,115.74,113.8,114.67,41869160,AAPL
2014-11-20,114.91,116.86,114.85,116.31,43395537,AAPL
2014-11-21,117.51,117.57,116.03,116.47,57179298,AAPL
2014-11-24,116.85,118.77,116.62,118.625,47450824,AAPL
2014-11-25,119.07,119.75,117.45,117.6,68840440,AAPL
2014-11-26,117.94,119.1,117.83,119.0,40831886,AAPL
2014-11-28,119.27,119.4,118.05,118.93,24814402,AAPL
2014-12-01,118.81,119.25,111.27,115.07,83814037,AAPL
2014-12-02,113.5,115.75,112.75,114.63,59348940,AAPL
2014-12-03,115.75,116.35,115.11,115.93,43063440,AAPL
2014-12-04,115.77,117.2,115.29,115.49,42155776,AAPL
2014-12-05,115.99,116.08,114.64,115.0,38318895,AAPL
2014-12-08,114.1,114.648,111.62,112.4,57664850,AAPL
2014-12-09,110.19,114.3,109.35,114.12,60208036,AAPL
2014-12-10,114.41,114.85,111.54,111.95,44565318,AAPL
2014-12-11,112.26,113.8,111.34,111.62,41471578,AAPL
2014-12-12,110.46,111.87,109.58,109.73,56028138,AAPL
2014-12-15,110.7,111.6,106.35,108.225,67218082,AAPL
2014-12-16,106.37,110.16,106.26,106.745,60790733,AAPL
2014-12-17,107.12,109.84,106.82,109.41,53411773,AAPL
2014-12-18,111.87,112.65,110.66,112.65,59006218,AAPL
2014-12-19,112.26,113.24,111.66,111.78,88429770,AAPL
2014-12-22,112.16,113.49,111.97,112.94,45167549,AAPL
2014-12-23,113.23,113.33,112.46,112.54,26028419,AAPL
2014-12-24,112.58,112.71,112.01,112.01,14479611,AAPL
2014-12-26,112.1,114.52,112.01,113.99,33720951,AAPL
2014-12-29,113.79,114.77,113.7,113.91,27598920,AAPL
2014-12-30,113.64,113.92,112.11,112.52,29881477,AAPL
2014-12-31,112.82,113.13,110.21,110.38,41403351,AAPL
2015-01-02,111.39,111.44,107.35,109.33,53204626,AAPL
2015-01-05,108.29,108.65,105.41,106.25,64285491,AAPL
2015-01-06,106.54,107.43,104.63,106.26,65797116,AAPL
2015-01-07,107.2,108.2,106.695,107.75,40105934,AAPL
2015-01-08,109.23,112.15,108.7,111.89,59364547,AAPL
2015-01-09,112.67,113.25,110.21,112.01,53699527,AAPL
2015-01-12,112.6,112.63,108.8,109.25,49650790,AAPL
2015-01-13,111.43,112.8,108.91,110.22,67091928,AAPL
2015-01-14,109.04,110.49,108.5,109.8,48956588,AAPL
2015-01-15,110.0,110.06,106.66,106.82,60013996,AAPL
2015-01-16,107.03,107.58,105.2,105.99,78513345,AAPL
2015-01-20,107.84,108.9667,106.5,108.72,49899907,AAPL
2015-01-21,108.95,111.06,108.27,109.55,48575897,AAPL
2015-01-22,110.26,112.47,109.72,112.4,53796409,AAPL
2015-01-23,112.3,113.75,111.53,112.98,46464828,AAPL
2015-01-26,113.74,114.3626,112.8,113.1,55614979,AAPL
2015-01-27,112.42,112.48,109.03,109.14,95568749,AAPL
2015-01-28,117.625,118.12,115.31,115.31,146477063,AAPL
2015-01-29,116.32,119.19,115.56,118.9,84436432,AAPL
2015-01-30,118.4,120.0,116.85,117.16,83745461,AAPL
2015-02-02,118.05,119.17,116.08,118.63,62739100,AAPL
2015-02-03,118.5,119.09,117.61,118.65,51915749,AAPL
2015-02-04,118.5,120.51,118.309,119.56,70149743,AAPL
2015-02-05,120.02,120.23,119.25,119.94,42246245,AAPL
2015-02-06,120.02,120.25,118.45,118.93,43706567,AAPL
2015-02-09,118.55,119.84,118.43,119.72,38889797,AAPL
2015-02-10,120.17,122.15,120.16,122.02,62008506,AAPL
2015-02-11,122.77,124.92,122.5,124.88,73561797,AAPL
2015-02-12,126.06,127.48,125.57,126.46,74474466,AAPL
2015-02-13,127.28,127.28,125.65,127.08,54272219,AAPL
2015-02-17,127.49,128.88,126.92,127.83,63152405,AAPL
2015-02-18,127.625,128.78,127.45,128.715,44891737,AAPL
2015-02-19,128.48,129.03,128.33,128.45,37362381,AAPL
2015-02-20,128.62,129.5,128.05,129.495,48948419,AAPL
2015-02-23,130.02,133.0,129.66,133.0,70974110,AAPL
2015-02-24,132.94,133.6,131.17,132.17,69228130,AAPL
2015-02-25,131.56,131.6,128.15,128.79,74711746,AAPL
2015-02-26,128.785,130.87,126.61,130.415,91287529,AAPL
2015-02-27,130.0,130.57,128.24,128.46,62014847,AAPL
2015-03-02,129.25,130.28,128.3,129.09,48096663,AAPL
2015-03-03,128.96,129.52,128.09,129.36,37816283,AAPL
2015-03-04,129.1,129.56,128.32,128.54,31666340,AAPL
2015-03-05,128.58,128.75,125.76,126.41,56517146,AAPL
2015-03-06,128.4,129.37,126.26,126.6,72842060,AAPL
2015-03-09,127.96,129.57,125.06,127.14,88528487,AAPL
2015-03-10,126.41,127.22,123.8,124.51,68856582,AAPL
2015-03-11,124.75,124.77,122.11,122.24,68938974,AAPL
2015-03-12,122.31,124.9,121.63,124.45,48362719,AAPL
2015-03-13,124.4,125.3951,122.58,123.59,51827283,AAPL
2015-03-16,123.88,124.95,122.87,124.95,35874300,AAPL
2015-03-17,125.9,127.32,125.65,127.04,51023104,AAPL
2015-03-18,127.0,129.16,126.37,128.47,65270945,AAPL
2015-03-19,128.75,129.2451,127.4,127.495,45809490,AAPL
2015-03-20,128.25,128.4,125.16,125.9,68695136,AAPL
2015-03-23,127.12,127.85,126.52,127.21,37709674,AAPL
2015-03-24,127.23,128.04,126.56,126.69,32842304,AAPL
2015-03-25,126.54,126.82,123.38,123.38,51655177,AAPL
2015-03-26,122.76,124.88,122.6,124.24,47572869,AAPL
2015-03-27,124.57,124.7,122.91,123.25,39546151,AAPL
2015-03-30,124.05,126.4,124.0,126.37,47099670,AAPL
2015-03-31,126.09,126.49,124.355,124.43,42090553,AAPL
2015-04-01,124.82,125.12,123.1,124.25,40621437,AAPL
2015-04-02,125.03,125.56,124.19,125.32,32220131,AAPL
2015-04-06,124.47,127.51,124.33,127.35,37193975,AAPL
2015-04-07,127.64,128.1218,125.98,126.01,35012268,AAPL
2015-04-08,125.85,126.4,124.97,125.6,37329243,AAPL
2015-04-09,125.85,126.58,124.66,126.56,32483974,AAPL
2015-04-10,125.95,127.21,125.26,127.1,40187953,AAPL
2015-04-13,128.37,128.57,126.61,126.85,36365123,AAPL
2015-04-14,127.0,127.29,125.91,126.3,25524593,AAPL
2015-04-15,126.41,127.13,126.01,126.78,28970419,AAPL
2015-04-16,126.28,127.1,126.11,126.17,28368987,AAPL
2015-04-17,125.55,126.14,124.46,124.75,51957046,AAPL
2015-04-20,125.57,128.12,125.17,127.6,47054310,AAPL
2015-04-21,128.1,128.2,126.67,126.91,32435057,AAPL
2015-04-22,126.99,128.87,126.32,128.62,37654505,AAPL
2015-04-23,128.3,130.42,128.14,129.67,45770902,AAPL
2015-04-24,130.49,130.63,129.23,130.28,44525905,AAPL
2015-04-27,132.31,133.13,131.15,132.65,96954207,AAPL
2015-04-28,134.455,134.54,129.57,130.56,118923970,AAPL
2015-04-29,130.16,131.59,128.3,128.64,63386083,AAPL
2015-04-30,127.5,127.88,124.58,125.15,83195423,AAPL
2015-05-01,126.1,130.13,125.3,128.95,58512638,AAPL
2015-05-04,129.5,130.57,128.26,128.7,50988278,AAPL
2015-05-05,128.15,128.4498,125.78,125.8,49271416,AAPL
2015-05-06,126.56,126.75,123.36,125.01,72141010,AAPL
2015-05-07,124.77,126.08,124.02,125.26,43940895,AAPL
2015-05-08,126.68,127.62,126.11,127.62,55550382,AAPL
2015-05-11,127.39,127.56,125.625,126.32,42035757,AAPL
2015-05-12,125.6,126.88,124.82,125.865,48160032,AAPL
2015-05-13,126.15,127.19,125.87,126.01,34694235,AAPL
2015-05-14,127.41,128.95,127.16,128.95,45203456,AAPL
2015-05-15,129.07,129.49,128.21,128.77,38208034,AAPL
2015-05-18,128.38,130.72,128.36,130.19,50882918,AAPL
2015-05-19,130.69,130.88,129.64,130.07,44633240,AAPL
2015-05-20,130.0,130.98,129.34,130.06,36454932,AAPL
2015-05-21,130.07,131.63,129.83,131.39,39730364,AAPL
2015-05-22,131.6,132.97,131.4,132.54,45595972,AAPL
2015-05-26,132.6,132.91,129.12,129.62,70697560,AAPL
2015-05-27,130.34,132.26,130.05,132.045,45833246,AAPL
2015-05-28,131.86,131.95,131.1,131.78,30733309,AAPL
2015-05-29,131.23,131.45,129.9,130.28,50884452,AAPL
2015-06-01,131.2,131.39,130.05,130.535,32112797,AAPL
2015-06-02,129.86,130.655,129.32,129.96,33667627,AAPL
2015-06-03,130.66,130.94,129.9,130.12,30983542,AAPL
2015-06-04,129.58,130.58,128.91,129.36,38450118,AAPL
2015-06-05,129.5,129.69,128.36,128.65,35626800,AAPL
2015-06-08,128.9,129.21,126.83,127.8,52674786,AAPL
2015-06-09,126.7,128.08,125.62,127.42,56075420,AAPL
2015-06-10,127.92,129.34,127.85,128.88,39087250,AAPL
2015-06-11,129.18,130.18,128.475,128.59,35390887,AAPL
2015-06-12,128.185,128.33,127.11,127.17,36886246,AAPL
2015-06-15,126.1,127.24,125.71,126.92,43988946,AAPL
2015-06-16,127.03,127.85,126.37,127.6,31494131,AAPL
2015-06-17,127.72,127.88,126.74,127.3,32918071,AAPL
2015-06-18,127.23,128.31,127.22,127.88,35407220,AAPL
2015-06-19,127.71,127.82,126.4,126.6,54716887,AAPL
2015-06-22,127.49,128.06,127.08,127.61,34039345,AAPL
2015-06-23,127.48,127.61,126.8792,127.03,30268863,AAPL
2015-06-24,127.21,129.8,127.12,128.11,55280855,AAPL
2015-06-25,128.86,129.2,127.5,127.5,31938100,AAPL
2015-06-26,127.67,127.99,126.51,126.75,44066841,AAPL
2015-06-29,125.46,126.47,124.48,124.53,49161427,AAPL
2015-06-30,125.57,126.12,124.86,125.425,44370682,AAPL
2015-07-01,126.9,126.94,125.99,126.6,30238811,AAPL
2015-07-02,126.43,126.69,125.77,126.44,27210952,AAPL
2015-07-06,124.94,126.23,124.85,126.0,28060431,AAPL
2015-07-07,125.89,126.15,123.77,125.69,46946811,AAPL
2015-07-08,124.48,124.64,122.54,122.57,60761614,AAPL
2015-07-09,123.85,124.06,119.22,120.07,78595038,AAPL
2015-07-10,121.94,123.85,121.21,123.28,61354474,AAPL
2015-07-13,125.03,125.755,124.32,125.66,41440538,AAPL
2015-07-14,126.04,126.37,125.04,125.61,31768139,AAPL
2015-07-15,125.72,127.15,125.58,126.82,33649200,AAPL
2015-07-16,127.74,128.57,127.35,128.51,36222447,AAPL
2015-07-17,129.08,129.62,128.31,129.62,46164710,AAPL
2015-07-20,130.97,132.97,130.7,132.07,58900203,AAPL
2015-07-21,132.85,132.92,130.32,130.75,76756427,AAPL
2015-07-22,121.99,125.5,121.99,125.22,115450607,AAPL
2015-07-23,126.2,127.09,125.06,125.16,50999452,AAPL
2015-07-24,125.32,125.74,123.9,124.5,42162332,AAPL
2015-07-27,123.09,123.61,122.12,122.77,44455540,AAPL
2015-07-28,123.38,123.91,122.55,123.38,33618097,AAPL
2015-07-29,123.15,123.5,122.27,122.99,37011653,AAPL
2015-07-30,122.32,122.5699,121.71,122.37,33628268,AAPL
2015-07-31,122.6,122.6425,120.91,121.3,42884953,AAPL
2015-08-03,121.5,122.57,117.52,118.44,69975968,AAPL
2015-08-04,117.42,117.7,113.25,114.64,124138623,AAPL
2015-08-05,112.95,117.44,112.1,115.4,99312613,AAPL
2015-08-06,115.97,116.5,114.115,115.13,52903040,AAPL
2015-08-07,114.58,116.25,114.5,115.52,38670405,AAPL
2015-08-10,116.53,119.99,116.53,119.72,54951597,AAPL
2015-08-11,117.81,118.18,113.33,113.49,97082814,AAPL
2015-08-12,112.53,115.42,109.63,115.24,101685610,AAPL
2015-08-13,116.04,116.4,114.54,115.15,48535789,AAPL
2015-08-14,114.32,116.31,114.01,115.96,42929516,AAPL
2015-08-17,116.04,117.65,115.5,117.16,40884745,AAPL
2015-08-18,116.43,117.44,116.01,116.5,34560708,AAPL
2015-08-19,116.1,116.52,114.68,115.01,48286510,AAPL
2015-08-20,114.08,114.35,111.63,112.65,68501622,AAPL
2015-08-21,110.43,111.9,105.645,105.76,128275471,AAPL
2015-08-24,94.87,108.8,92.0,103.12,162206292,AAPL
2015-08-25,111.11,111.11,103.5,103.74,103601599,AAPL
2015-08-26,107.085,109.89,105.05,109.69,96774611,AAPL
2015-08-27,112.25,113.24,110.02,112.92,84616056,AAPL
2015-08-28,112.17,113.31,111.54,113.29,53164407,AAPL
2015-08-31,112.13,114.53,112.0,112.76,56229271,AAPL
2015-09-01,110.18,111.88,107.36,107.72,76845860,AAPL
2015-09-02,110.0,112.34,109.131,112.34,61888812,AAPL
2015-09-03,112.49,112.78,110.04,110.37,53233940,AAPL
2015-09-04,108.97,110.45,108.51,109.27,49996311,AAPL
2015-09-08,111.65,112.56,110.32,112.31,54843626,AAPL
2015-09-09,113.76,114.02,109.77,110.15,85010804,AAPL
2015-09-10,110.27,113.2825,109.9,112.57,62892831,AAPL
2015-09-11,111.79,114.21,111.76,114.21,49915473,AAPL
2015-09-14,116.58,116.89,114.86,115.31,58363431,AAPL
2015-09-15,115.93,116.53,114.42,116.28,43341155,AAPL
2015-09-16,116.25,116.54,115.44,116.41,37173489,AAPL
2015-09-17,115.66,116.49,113.715,113.92,64112641,AAPL
2015-09-18,112.21,114.3,111.87,113.45,74285291,AAPL
2015-09-21,113.67,115.37,113.66,115.21,50221965,AAPL
2015-09-22,113.38,114.18,112.5201,113.4,50346159,AAPL
2015-09-23,113.63,114.72,113.3,114.32,35756716,AAPL
2015-09-24,113.25,115.5,112.37,115.0,50219475,AAPL
2015-09-25,116.44,116.69,114.02,114.71,56151926,AAPL
2015-09-28,113.85,114.57,112.44,112.44,52109011,AAPL
2015-09-29,112.83,113.51,107.86,109.06,73365384,AAPL
2015-09-30,110.17,111.54,108.73,110.3,66473033,AAPL
2015-10-01,109.07,109.62,107.31,109.58,63929100,AAPL
2015-10-02,108.01,111.0136,107.55,110.38,58019758,AAPL
2015-10-05,109.88,111.3698,109.07,110.78,52064743,AAPL
2015-10-06,110.63,111.74,109.765,111.31,48856977,AAPL
2015-10-07,111.74,111.77,109.41,110.78,46765550,AAPL
2015-10-08,110.19,110.19,108.21,109.5,61979577,AAPL
2015-10-09,110.0,112.28,109.49,112.12,52766140,AAPL
2015-10-12,112.73,112.75,111.44,111.6,30467204,AAPL
2015-10-13,110.82,112.45,110.68,111.79,33049256,AAPL
2015-10-14,111.29,111.52,109.56,110.21,44462449,AAPL
2015-10-15,110.93,112.1,110.49,111.86,37673452,AAPL
2015-10-16,111.78,112.0,110.53,111.04,39232609,AAPL
2015-10-19,110.8,111.75,110.11,111.73,29759153,AAPL
2015-10-20,111.34,114.17,110.82,113.77,48967763,AAPL
2015-10-21,114.0,115.58,113.7,113.76,42326974,AAPL
2015-10-22,114.33,115.5,114.1,115.5,41654089,AAPL
2015-10-23,116.7,119.228,116.33,119.08,59366914,AAPL
2015-10-26,118.08,118.13,114.92,115.28,66333781,AAPL
2015-10-27,115.4,116.54,113.99,114.55,69884400,AAPL
2015-10-28,116.93,119.3,116.06,119.27,85551352,AAPL
2015-10-29,118.7,120.69,118.27,120.53,51227334,AAPL
2015-10-30,120.99,121.22,119.45,119.5,49365254,AAPL
2015-11-02,119.87,121.36,119.61,121.18,32203267,AAPL
2015-11-03,120.79,123.49,120.7,122.57,45518976,AAPL
2015-11-04,123.13,123.82,121.62,122.0,44886050,AAPL
2015-11-05,121.85,122.69,120.18,120.92,39552680,AAPL
2015-11-06,121.11,121.81,120.62,121.06,33042283,AAPL
2015-11-09,120.96,121.81,120.05,120.57,33871405,AAPL
2015-11-10,116.9,118.07,116.061,116.77,59127931,AAPL
2015-11-11,116.37,117.42,115.21,116.11,45217971,AAPL
2015-11-12,116.26,116.82,115.65,115.72,32525579,AAPL
2015-11-13,115.2,115.57,112.27,112.34,45812403,AAPL
2015-11-16,111.38,114.24,111.0,114.175,38106701,AAPL
2015-11-17,114.92,115.05,113.32,113.69,27616939,AAPL
2015-11-18,115.76,117.49,115.5,117.29,46674697,AAPL
2015-11-19,117.64,119.75,116.76,118.78,43295820,AAPL
2015-11-20,119.2,119.92,118.85,119.3,34287096,AAPL
2015-11-23,119.27,119.73,117.34,117.75,32482528,AAPL
2015-11-24,117.33,119.35,117.12,118.88,42803172,AAPL
2015-11-25,119.21,119.23,117.92,118.03,21388308,AAPL
2015-11-27,118.29,118.41,117.6,117.81,13046445,AAPL
2015-11-30,117.99,119.41,117.75,118.3,39180322,AAPL
2015-12-01,118.75,118.81,116.86,117.34,34852374,AAPL
2015-12-02,117.05,118.11,116.08,116.28,33386563,AAPL
2015-12-03,116.55,116.79,114.22,115.2,41569509,AAPL
2015-12-04,115.29,119.25,115.11,119.03,57776977,AAPL
2015-12-07,118.98,119.86,117.81,118.28,32084249,AAPL
2015-12-08,117.52,118.6,116.86,118.23,34309450,AAPL
2015-12-09,117.64,117.69,115.08,115.62,46361357,AAPL
2015-12-10,116.04,116.94,115.51,116.17,29212727,AAPL
2015-12-11,115.19,115.39,112.851,113.18,46886161,AAPL
2015-12-14,112.18,112.68,109.79,112.48,65003609,AAPL
2015-12-15,111.94,112.8,110.35,110.49,53323105,AAPL
2015-12-16,111.07,111.99,108.8,111.34,56238467,AAPL
2015-12-17,112.02,112.25,108.98,108.98,44772827,AAPL
2015-12-18,108.91,109.52,105.81,106.03,96453327,AAPL
2015-12-21,107.28,107.37,105.57,107.33,47590610,AAPL
2015-12-22,107.4,107.72,106.45100000000001,107.23,32789367,AAPL
2015-12-23,107.27,108.85,107.2,108.61,32657354,AAPL
2015-12-24,109.0,109.0,107.95,108.03,13596680,AAPL
2015-12-28,107.59,107.69,106.1807,106.82,26704210,AAPL
2015-12-29,106.96,109.43,106.86,108.74,30931243,AAPL
2015-12-30,108.58,108.7,107.18,107.32,25213777,AAPL
2015-12-31,107.01,107.03,104.82,105.26,40912316,AAPL
2016-01-04,102.61,105.368,102.0,105.35,67649387,AAPL
2016-01-05,105.75,105.85,102.41,102.71,55790992,AAPL
2016-01-06,100.56,102.37,99.87,100.7,68457388,AAPL
2016-01-07,98.68,100.13,96.43,96.45,81094428,AAPL
2016-01-08,98.55,99.11,96.76,96.96,70798016,AAPL
2016-01-11,98.97,99.06,97.34,98.53,49739377,AAPL
2016-01-12,100.55,100.69,98.8399,99.96,49154227,AAPL
2016-01-13,100.32,101.19,97.3,97.39,62439631,AAPL
2016-01-14,97.96,100.48,95.74,99.52,63170127,AAPL
2016-01-15,96.2,97.71,95.36,97.13,79833891,AAPL
2016-01-19,98.41,98.65,95.5,96.66,53087747,AAPL
2016-01-20,95.1,98.1897,93.42,96.79,72334416,AAPL
2016-01-21,97.06,97.88,94.94,96.3,52161463,AAPL
2016-01-22,98.63,101.46,98.37,101.42,65800467,AAPL
2016-01-25,101.52,101.53,99.21,99.44,51794525,AAPL
2016-01-26,99.93,100.88,98.07,99.99,75077002,AAPL
2016-01-27,96.04,96.6289,93.34,93.42,133369674,AAPL
2016-01-28,93.79,94.52,92.39,94.09,55678825,AAPL
2016-01-29,94.79,97.34,94.35,97.34,64416504,AAPL
2016-02-01,96.47,96.71,95.4,96.43,40943541,AAPL
2016-02-02,95.42,96.04,94.28,94.48,37357215,AAPL
2016-02-03,95.0,96.84,94.08,96.35,45964294,AAPL
2016-02-04,95.86,97.33,95.19,96.6,46471652,AAPL
2016-02-05,96.52,96.92,93.69,94.02,46418064,AAPL
2016-02-08,93.13,95.7,93.04,95.01,54021375,AAPL
2016-02-09,94.29,95.94,93.93,94.99,44331195,AAPL
2016-02-10,95.92,96.35,94.1,94.27,42343601,AAPL
2016-02-11,93.79,94.72,92.59,93.7,50074711,AAPL
2016-02-12,94.19,94.5,93.01,93.99,40351381,AAPL
2016-02-16,95.02,96.85,94.61,96.64,49057916,AAPL
2016-02-17,96.67,98.21,96.15,98.12,44863243,AAPL
2016-02-18,98.84,98.89,96.09100000000001,96.26,39020983,AAPL
2016-02-19,96.0,96.7599,95.8,96.04,35374173,AAPL
2016-02-22,96.31,96.9,95.92,96.88,34280758,AAPL
2016-02-23,96.4,96.5,94.55,94.69,31942633,AAPL
2016-02-24,93.98,96.38,93.32,96.1,36255745,AAPL
2016-02-25,96.05,96.76,95.25,96.76,27582659,AAPL
2016-02-26,97.2,98.0237,96.58,96.91,28991131,AAPL
2016-02-29,96.86,98.23,96.65,96.69,35216277,AAPL
2016-03-01,97.65,100.77,97.42,100.53,50407147,AAPL
2016-03-02,100.51,100.89,99.64,100.75,33169560,AAPL
2016-03-03,100.58,101.7099,100.45,101.5,36955742,AAPL
2016-03-04,102.37,103.75,101.37,103.01,46055100,AAPL
2016-03-07,102.39,102.83,100.96,101.87,35915810,AAPL
2016-03-08,100.78,101.76,100.4,101.03,31561889,AAPL
2016-03-09,101.31,101.58,100.27,101.12,27201683,AAPL
2016-03-10,101.41,102.24,100.15,101.17,33513577,AAPL
2016-03-11,102.24,102.28,101.5,102.26,27408237,AAPL
2016-03-14,101.91,102.91,101.78,102.52,25076062,AAPL
2016-03-15,103.96,105.18,103.85,104.58,40067734,AAPL
2016-03-16,104.61,106.31,104.59,105.97,38303493,AAPL
2016-03-17,105.52,106.47,104.96,105.8,34420705,AAPL
2016-03-18,106.34,106.5,105.19,105.92,44205171,AAPL
2016-03-21,105.93,107.65,105.1401,105.91,35502678,AAPL
2016-03-22,105.25,107.29,105.21,106.72,32444375,AAPL
2016-03-23,106.48,107.07,105.9,106.13,25703495,AAPL
2016-03-24,105.47,106.25,104.89,105.67,26132955,AAPL
2016-03-28,106.0,106.19,105.06,105.19,19411372,AAPL
2016-03-29,104.89,107.79,104.88,107.68,31190083,AAPL
2016-03-30,108.65,110.42,108.6,109.56,45601149,AAPL
2016-03-31,109.72,109.9,108.88,108.99,25888449,AAPL
2016-04-01,108.78,110.0,108.2,109.99,25873950,AAPL
2016-04-04,110.42,112.19,110.27,111.12,37356204,AAPL
2016-04-05,109.51,110.73,109.42,109.81,26578652,AAPL
2016-04-06,110.23,110.98,109.2,110.96,26404077,AAPL
2016-04-07,109.95,110.42,108.12100000000001,108.54,31801870,AAPL
2016-04-08,108.91,109.77,108.17,108.66,23581740,AAPL
2016-04-11,108.97,110.61,108.83,109.02,29407518,AAPL
2016-04-12,109.34,110.5,108.66,110.44,27232325,AAPL
2016-04-13,110.8,112.34,110.8,112.04,33257316,AAPL
2016-04-14,111.62,112.39,111.33,112.1,25473923,AAPL
2016-04-15,112.11,112.3,109.73,109.85,46938969,AAPL
2016-04-18,108.89,108.95,106.94,107.48,60821461,AAPL
2016-04-19,107.88,108.0,106.23,106.91,32384879,AAPL
2016-04-20,106.64,108.09,106.06,107.13,30611030,AAPL
2016-04-21,106.93,106.93,105.52,105.97,31552525,AAPL
2016-04-22,105.01,106.48,104.62,105.68,33683121,AAPL
2016-04-25,105.0,105.65,104.51,105.08,28031588,AAPL
2016-04-26,103.91,105.3,103.91,104.35,56016165,AAPL
2016-04-27,96.0,98.71,95.68,97.82,114602142,AAPL
2016-04-28,97.61,97.88,94.25,94.83,82242690,AAPL
2016-04-29,93.99,94.72,92.51,93.74,68531478,AAPL
2016-05-02,93.965,94.08,92.4,93.64,48160104,AAPL
2016-05-03,94.2,95.74,93.68,95.18,56831277,AAPL
2016-05-04,95.2,95.9,93.82,94.19,41025475,AAPL
2016-05-05,94.0,94.07,92.68,93.24,35890500,AAPL
2016-05-06,93.37,93.45,91.85,92.72,43699886,AAPL
2016-05-09,93.0,93.77,92.59,92.79,32936436,AAPL
2016-05-10,93.33,93.57,92.11,93.42,33686836,AAPL
2016-05-11,93.48,93.57,92.46,92.51,28719109,AAPL
2016-05-12,92.72,92.78,89.47,90.34,76314690,AAPL
2016-05-13,90.0,91.67,90.0,90.52,44392765,AAPL
2016-05-16,92.39,94.39,91.65,93.88,61259756,AAPL
2016-05-17,94.55,94.7,93.01,93.49,46916939,AAPL
2016-05-18,94.16,95.21,93.89,94.56,42062391,AAPL
2016-05-19,94.64,94.64,93.57,94.2,30442100,AAPL
2016-05-20,94.64,95.43,94.52,95.22,32025968,AAPL
2016-05-23,95.87,97.19,95.67,96.43,38018643,AAPL
2016-05-24,97.22,98.09,96.84,97.9,35140174,AAPL
2016-05-25,98.67,99.74,98.11,99.62,38642108,AAPL
2016-05-26,99.68,100.73,98.64,100.41,56331159,AAPL
2016-05-27,99.44,100.47,99.245,100.35,36341240,AAPL
2016-05-31,99.6,100.4,98.82,99.86,42307212,AAPL
2016-06-01,99.02,99.54,98.33,98.46,29173285,AAPL
2016-06-02,97.6,97.84,96.63,97.72,40191600,AAPL
2016-06-03,97.79,98.27,97.45,97.92,28504888,AAPL
2016-06-06,97.99,101.89,97.55,98.63,23292504,AAPL
2016-06-07,99.25,99.87,98.96,99.03,22409450,AAPL
2016-06-08,99.02,99.56,98.68,98.94,20848131,AAPL
2016-06-09,98.5,99.99,98.46,99.65,26601354,AAPL
2016-06-10,98.53,99.3457,98.48,98.83,31712936,AAPL
2016-06-13,98.69,99.12,97.1,97.34,38020494,AAPL
2016-06-14,97.32,98.475,96.75,97.46,31931944,AAPL
2016-06-15,97.82,98.41,97.03,97.14,29445227,AAPL
2016-06-16,96.45,97.75,96.07,97.55,31326815,AAPL
2016-06-17,96.62,96.65,95.3,95.33,61008219,AAPL
2016-06-20,96.0,96.57,95.03,95.1,34411901,AAPL
2016-06-21,94.94,96.35,94.676,95.91,35546358,AAPL
2016-06-22,96.25,96.89,95.35,95.55,29219122,AAPL
2016-06-23,95.94,96.29,95.25,96.1,32240187,AAPL
2016-06-24,92.91,94.655,92.65,93.4,75311356,AAPL
2016-06-27,93.0,93.05,91.5,92.04,46622188,AAPL
2016-06-28,92.9,93.66,92.14,93.59,40444914,AAPL
2016-06-29,93.97,94.55,93.63,94.4,36531006,AAPL
2016-06-30,94.44,95.77,94.3,95.6,35836356,AAPL
2016-07-01,95.49,96.465,95.33,95.89,26026540,AAPL
2016-07-05,95.39,95.4,94.46,94.99,27705210,AAPL
2016-07-06,94.6,95.66,94.37,95.53,30949090,AAPL
2016-07-07,95.7,96.5,95.62,95.94,25139558,AAPL
2016-07-08,96.49,96.89,96.05,96.68,28912103,AAPL
2016-07-11,96.75,97.65,96.73,96.98,23794945,AAPL
2016-07-12,97.17,97.7,97.12,97.42,24167463,AAPL
2016-07-13,97.41,97.67,96.84,96.87,25892171,AAPL
2016-07-14,97.39,98.99,97.32,98.79,38918997,AAPL
2016-07-15,98.92,99.3,98.5,98.78,30136990,AAPL
2016-07-18,98.7,100.13,98.6,99.83,36493867,AAPL
2016-07-19,99.56,100.0,99.34,99.87,23779924,AAPL
2016-07-20,100.0,100.46,99.735,99.96,26275968,AAPL
2016-07-21,99.83,101.0,99.13,99.43,32702028,AAPL
2016-07-22,99.26,99.3,98.31,98.66,28313669,AAPL
2016-07-25,98.25,98.84,96.92,97.34,40382921,AAPL
2016-07-26,96.82,97.97,96.42,96.67,56239822,AAPL
2016-07-27,104.265,104.35,102.75,102.95,92344820,AAPL
2016-07-28,102.83,104.45,102.82,104.34,39869839,AAPL
2016-07-29,104.19,104.55,103.68,104.21,27733688,AAPL
2016-08-01,104.41,106.15,104.41,106.05,38167871,AAPL
2016-08-02,106.05,106.07,104.0,104.48,33816556,AAPL
2016-08-03,104.81,105.84,104.77,105.79,30202641,AAPL
2016-08-04,105.58,106.0,105.28,105.87,27408650,AAPL
2016-08-05,106.27,107.65,106.18,107.48,40553402,AAPL
2016-08-08,107.52,108.37,107.16,108.37,28037220,AAPL
2016-08-09,108.23,108.94,108.01,108.81,26315204,AAPL
2016-08-10,108.71,108.9,107.76,108.0,24008505,AAPL
2016-08-11,108.52,108.93,107.85,107.93,27484506,AAPL
2016-08-12,107.78,108.44,107.78,108.18,18660434,AAPL
2016-08-15,108.14,109.54,108.08,109.48,25868209,AAPL
2016-08-16,109.63,110.23,109.21,109.38,33794448,AAPL
2016-08-17,109.1,109.37,108.34,109.22,25355976,AAPL
2016-08-18,109.23,109.6,109.02,109.08,21984703,AAPL
2016-08-19,108.77,109.69,108.36,109.36,25368072,AAPL
2016-08-22,108.86,109.1,107.85,108.51,25820230,AAPL
2016-08-23,108.59,109.32,108.53,108.85,21257669,AAPL
2016-08-24,108.565,108.75,107.68,108.03,23675081,AAPL
2016-08-25,107.39,107.88,106.68,107.57,25086248,AAPL
2016-08-26,107.41,107.95,106.31,106.94,27766291,AAPL
2016-08-29,106.62,107.44,106.29,106.82,24970300,AAPL
2016-08-30,105.8,106.5,105.5,106.0,24863945,AAPL
2016-08-31,105.66,106.5699,105.64,106.1,29662406,AAPL
2016-09-01,106.14,106.8,105.62,106.73,26701523,AAPL
2016-09-02,107.7,108.0,106.82,107.73,26802450,AAPL
2016-09-06,107.9,108.3,107.51,107.7,26880391,AAPL
2016-09-07,107.83,108.76,107.07,108.36,42364328,AAPL
2016-09-08,107.25,107.27,105.24,105.52,53002026,AAPL
2016-09-09,104.64,105.72,103.13,103.13,46556984,AAPL
2016-09-12,102.65,105.72,102.53,105.44,45292770,AAPL
2016-09-13,107.51,108.79,107.24,107.95,62176190,AAPL
2016-09-14,108.73,113.03,108.6,111.77,112340318,AAPL
2016-09-15,113.86,115.73,113.49,115.57,90613177,AAPL
2016-09-16,115.12,116.13,114.04,114.92,79886911,AAPL
2016-09-19,115.19,116.18,113.25,113.58,47023046,AAPL
2016-09-20,113.05,114.12,112.51,113.57,34514269,AAPL
2016-09-21,113.85,113.98899999999999,112.441,113.55,36003185,AAPL
2016-09-22,114.35,114.94,114.0,114.62,31073984,AAPL
2016-09-23,114.42,114.79,111.55,112.71,52481151,AAPL
2016-09-26,111.64,113.39,111.55,112.88,29869442,AAPL
2016-09-27,113.0,113.18,112.34,113.09,24607412,AAPL
2016-09-28,113.69,114.64,113.43,113.95,29641085,AAPL
2016-09-29,113.16,113.8,111.8,112.18,35886990,AAPL
2016-09-30,112.46,113.37,111.8,113.05,36379106,AAPL
2016-10-03,112.71,113.05,112.28,112.52,21701760,AAPL
2016-10-04,113.06,114.31,112.63,113.0,29736835,AAPL
2016-10-05,113.4,113.66,112.69,113.05,21453089,AAPL
2016-10-06,113.7,114.34,113.13,113.89,28779313,AAPL
2016-10-07,114.31,114.56,113.51,114.06,24358443,AAPL
2016-10-10,115.02,116.75,114.72,116.05,36235956,AAPL
2016-10-11,117.7,118.69,116.2,116.3,64041043,AAPL
2016-10-12,117.35,117.98,116.75,117.34,37586787,AAPL
2016-10-13,116.79,117.44,115.72,116.98,35192406,AAPL
2016-10-14,117.88,118.17,117.13,117.63,35652191,AAPL
2016-10-17,117.33,117.84,116.78,117.55,23624896,AAPL
2016-10-18,118.18,118.21,117.45,117.47,24553478,AAPL
2016-10-19,117.25,117.76,113.8,117.12,20034594,AAPL
2016-10-20,116.86,117.38,116.33,117.06,24125801,AAPL
2016-10-21,116.81,116.91,116.28,116.6,23192665,AAPL
2016-10-24,117.1,117.74,117.0,117.65,23538673,AAPL
2016-10-25,117.95,118.36,117.31,118.25,48128970,AAPL
2016-10-26,114.31,115.7,113.31,115.59,66134219,AAPL
2016-10-27,115.39,115.86,114.1,114.48,34562045,AAPL
2016-10-28,113.87,115.21,113.45,113.72,37861662,AAPL
2016-10-31,113.65,114.23,113.2,113.54,26419398,AAPL
2016-11-01,113.46,113.77,110.53,111.49,43825812,AAPL
2016-11-02,111.4,112.35,111.23,111.59,28331709,AAPL
2016-11-03,110.98,111.46,109.55,109.83,26932602,AAPL
2016-11-04,108.53,110.25,108.11,108.84,30836997,AAPL
2016-11-07,110.08,110.51,109.46,110.41,32560000,AAPL
2016-11-08,110.31,111.72,109.7,111.06,24254179,AAPL
2016-11-09,109.88,111.32,108.05,110.88,59176361,AAPL
2016-11-10,111.09,111.09,105.83,107.79,57134541,AAPL
2016-11-11,107.12,108.87,106.55,108.43,34143898,AAPL
2016-11-14,107.71,107.809,104.08,105.71,51175504,AAPL
2016-11-15,106.57,107.68,106.1593,107.11,32264510,AAPL
2016-11-16,106.7,110.23,106.6,109.99,58840522,AAPL
2016-11-17,109.81,110.35,108.83,109.95,27632003,AAPL
2016-11-18,109.72,110.54,109.66,110.06,28428917,AAPL
2016-11-21,110.12,111.99,110.01,111.73,29264571,AAPL
2016-11-22,111.95,112.42,111.4,111.8,25965534,AAPL
2016-11-23,111.36,111.51,110.33,111.23,27426394,AAPL
2016-11-25,111.13,111.87,110.95,111.79,11475922,AAPL
2016-11-28,111.43,112.465,111.39,111.57,27193983,AAPL
2016-11-29,110.78,112.03,110.07,111.46,28528750,AAPL
2016-11-30,111.6,112.2,110.27,110.52,36162258,AAPL
2016-12-01,110.365,110.94,109.03,109.49,37086862,AAPL
2016-12-02,109.17,110.09,108.85,109.9,26527997,AAPL
2016-12-05,110.0,110.03,108.25,109.11,34324540,AAPL
2016-12-06,109.5,110.36,109.19,109.95,26195462,AAPL
2016-12-07,109.26,111.19,109.16,111.03,29998719,AAPL
2016-12-08,110.86,112.43,110.6,112.12,27068316,AAPL
2016-12-09,112.31,114.7,112.31,113.95,34402627,AAPL
2016-12-12,113.29,115.0,112.49,113.3,26374377,AAPL
2016-12-13,113.84,115.92,113.75,115.19,43733811,AAPL
2016-12-14,115.04,116.2,114.98,115.19,34031834,AAPL
2016-12-15,115.38,116.73,115.23,115.82,46524544,AAPL
2016-12-16,116.47,116.5,115.645,115.97,44351134,AAPL
2016-12-19,115.8,117.38,115.75,116.64,27779423,AAPL
2016-12-20,116.74,117.5,116.68,116.95,21424965,AAPL
2016-12-21,116.8,117.4,116.78,117.06,23783165,AAPL
2016-12-22,116.35,116.51,115.64,116.29,26085854,AAPL
2016-12-23,115.59,116.52,115.59,116.52,14249484,AAPL
2016-12-27,116.52,117.8,116.49,117.26,18296855,AAPL
2016-12-28,117.52,118.0166,116.2,116.76,20905892,AAPL
2016-12-29,116.45,117.1095,116.4,116.73,15039519,AAPL
2016-12-30,116.65,117.2,115.43,115.82,30586265,AAPL
2017-01-03,115.8,116.33,114.76,116.15,28781865,AAPL
2017-01-04,115.85,116.51,115.75,116.02,21118116,AAPL
2017-01-05,115.92,116.8642,115.81,116.61,22193587,AAPL
2017-01-06,116.78,118.16,116.47,117.91,31751900,AAPL
2017-01-09,117.95,119.43,117.94,118.99,33561948,AAPL
2017-01-10,118.77,119.38,118.3,119.11,24462051,AAPL
2017-01-11,118.74,119.93,118.6,119.75,27588593,AAPL
2017-01-12,118.895,119.3,118.21,119.25,27086220,AAPL
2017-01-13,119.11,119.62,118.81,119.04,26111948,AAPL
2017-01-17,118.34,120.24,118.22,120.0,34439843,AAPL
2017-01-18,120.0,120.5,119.71,119.99,23712961,AAPL
2017-01-19,119.4,120.09,119.37,119.78,25597291,AAPL
2017-01-20,120.45,120.45,119.7346,120.0,32597892,AAPL
2017-01-23,120.0,120.81,119.77,120.08,22050218,AAPL
2017-01-24,119.55,120.1,119.5,119.97,23211038,AAPL
2017-01-25,120.42,122.1,120.28,121.88,32586673,AAPL
2017-01-26,121.67,122.44,121.6,121.94,26337576,AAPL
2017-01-27,122.14,122.35,121.6,121.95,20562944,AAPL
2017-01-30,120.93,121.63,120.66,121.63,30377503,AAPL
2017-01-31,121.15,121.39,120.62,121.35,49200993,AAPL
2017-02-01,127.03,130.49,127.01,128.75,111985040,AAPL
2017-02-02,127.975,129.39,127.78,128.53,33710411,AAPL
2017-02-03,128.31,129.19,128.16,129.08,24507301,AAPL
2017-02-06,129.13,130.5,128.9,130.29,26845924,AAPL
2017-02-07,130.54,132.09,130.45,131.53,38183841,AAPL
2017-02-08,131.35,132.22,131.22,132.04,23004072,AAPL
2017-02-09,131.65,132.445,131.12,132.42,28349859,AAPL
2017-02-10,132.46,132.94,132.05,132.12,20065458,AAPL
2017-02-13,133.08,133.82,132.75,133.29,23035421,AAPL
2017-02-14,133.47,135.09,133.25,135.02,33226223,AAPL
2017-02-15,135.52,136.27,134.62,135.51,35623100,AAPL
2017-02-16,135.67,135.9,134.8398,135.345,22584555,AAPL
2017-02-17,135.1,135.83,135.1,135.72,22198197,AAPL
2017-02-21,136.23,136.75,135.98,136.7,24507156,AAPL
2017-02-22,136.43,137.12,136.11,137.11,20836932,AAPL
2017-02-23,137.38,137.48,136.3,136.53,20788186,AAPL
2017-02-24,135.91,136.66,135.28,136.66,21776585,AAPL
2017-02-27,137.14,137.435,136.28,136.93,20257426,AAPL
2017-02-28,137.08,137.435,136.7,136.99,23482860,AAPL
2017-03-01,137.89,140.15,137.595,139.79,36414585,AAPL
2017-03-02,140.0,140.2786,138.76,138.96,26210984,AAPL
2017-03-03,138.78,139.83,138.59,139.78,21571121,AAPL
2017-03-06,139.365,139.77,138.5959,139.34,21750044,AAPL
2017-03-07,139.06,139.98,138.79,139.52,17446297,AAPL
2017-03-08,138.95,139.8,138.82,139.0,18707236,AAPL
2017-03-09,138.74,138.79,137.05,138.68,22155904,AAPL
2017-03-10,139.25,139.3571,138.64,139.14,19612801,AAPL
2017-03-13,138.85,139.43,138.82,139.2,17421717,AAPL
2017-03-14,139.3,139.65,138.84,138.99,15309065,AAPL
2017-03-15,139.41,140.7501,139.025,140.46,25691774,AAPL
2017-03-16,140.72,141.02,140.26,140.69,19231998,AAPL
2017-03-17,141.0,141.0,139.89,139.99,43884952,AAPL
2017-03-20,140.4,141.5,140.23,141.46,21542038,AAPL
2017-03-21,142.11,142.8,139.73,139.84,39529912,AAPL
2017-03-22,139.845,141.6,139.76,141.42,25860165,AAPL
2017-03-23,141.26,141.5844,140.61,140.92,20346301,AAPL
2017-03-24,141.5,141.74,140.35,140.64,22395563,AAPL
2017-03-27,139.39,141.22,138.62,140.88,23575094,AAPL
2017-03-28,140.91,144.04,140.62,143.8,33374805,AAPL
2017-03-29,143.68,144.49,143.19,144.12,29189955,AAPL
2017-03-30,144.19,144.5,143.5,143.93,21207252,AAPL
2017-03-31,143.72,144.27,143.01,143.66,19661651,AAPL
2017-04-03,143.71,144.12,143.05,143.7,19985714,AAPL
2017-04-04,143.25,144.89,143.17,144.77,19891354,AAPL
2017-04-05,144.22,145.46,143.81,144.02,27717854,AAPL
2017-04-06,144.29,144.52,143.45,143.66,21149034,AAPL
2017-04-07,143.73,144.18,143.27,143.34,16658543,AAPL
2017-04-10,143.6,143.8792,142.9,143.17,18933397,AAPL
2017-04-11,142.94,143.35,140.06,141.63,30379376,AAPL
2017-04-12,141.6,142.15,141.01,141.8,20350000,AAPL
2017-04-13,141.91,142.38,141.05,141.05,17822880,AAPL
2017-04-17,141.48,141.88,140.87,141.83,16582094,AAPL
2017-04-18,141.41,142.04,141.11,141.2,14697544,AAPL
2017-04-19,141.88,142.0,140.45,140.68,17328375,AAPL
2017-04-20,141.22,142.92,141.16,142.44,23319562,AAPL
2017-04-21,142.44,142.68,141.85,142.27,17320928,AAPL
2017-04-24,143.5,143.95,143.18,143.64,17134333,AAPL
2017-04-25,143.91,144.9,143.87,144.53,18871501,AAPL
2017-04-26,144.47,144.6,143.3762,143.68,20041241,AAPL
2017-04-27,143.9225,144.16,143.31,143.79,14246347,AAPL
2017-04-28,144.09,144.3,143.27,143.65,20860358,AAPL
2017-05-01,145.1,147.2,144.96,146.58,33602943,AAPL
2017-05-02,147.54,148.09,146.84,147.51,45352194,AAPL
2017-05-03,145.59,147.49,144.27,147.06,45697034,AAPL
2017-05-04,146.52,147.14,145.81,146.53,23371872,AAPL
2017-05-05,146.76,148.98,146.76,148.96,27327725,AAPL
2017-05-08,149.03,153.7,149.03,153.01,48752413,AAPL
2017-05-09,153.87,154.88,153.45,153.99,39130363,AAPL
2017-05-10,153.63,153.94,152.11,153.26,25805692,AAPL
2017-05-11,152.45,154.07,152.31,153.95,27255058,AAPL
2017-05-12,154.7,156.42,154.67,156.1,32527017,AAPL
2017-05-15,156.01,156.65,155.05,155.7,26009719,AAPL
2017-05-16,155.94,156.06,154.72,155.47,20048478,AAPL
2017-05-17,153.6,154.57,149.71,150.25,50767678,AAPL
2017-05-18,151.27,153.34,151.13,152.54,33568215,AAPL
2017-05-19,153.38,153.98,152.63,153.06,26960788,AAPL
2017-05-22,154.0,154.58,152.91,153.99,22966437,AAPL
2017-05-23,154.9,154.9,153.31,153.8,19918871,AAPL
2017-05-24,153.84,154.17,152.67,153.34,19219154,AAPL
2017-05-25,153.73,154.35,153.03,153.87,19235598,AAPL
2017-05-26,154.0,154.24,153.31,153.61,21927637,AAPL
2017-05-30,153.42,154.43,153.33,153.67,20126851,AAPL
2017-05-31,153.97,154.17,152.38,152.76,24451164,AAPL
2017-06-01,153.17,153.33,152.22,153.18,16404088,AAPL
2017-06-02,153.58,155.45,152.89,155.45,27770715,AAPL
2017-06-05,154.34,154.45,153.46,153.93,25331662,AAPL
2017-06-06,153.9,155.81,153.78,154.45,26624926,AAPL
2017-06-07,155.02,155.98,154.48,155.37,21069647,AAPL
2017-06-08,155.25,155.54,154.4,154.99,21250798,AAPL
2017-06-09,155.19,155.19,146.02,148.98,64882657,AAPL
2017-06-12,145.74,146.09,142.51,145.42,72307330,AAPL
2017-06-13,147.16,147.45,145.15,146.59,34165445,AAPL
2017-06-14,147.5,147.5,143.84,145.16,31531232,AAPL
2017-06-15,143.32,144.4798,142.21,144.29,32165373,AAPL
2017-06-16,143.78,144.5,142.2,142.27,50361093,AAPL
2017-06-19,143.66,146.74,143.66,146.34,32541404,AAPL
2017-06-20,146.87,146.87,144.94,145.01,24900073,AAPL
2017-06-21,145.52,146.0693,144.61,145.87,21265751,AAPL
2017-06-22,145.77,146.7,145.1199,145.63,19106294,AAPL
2017-06-23,145.13,147.16,145.11,146.28,35439389,AAPL
2017-06-26,147.17,148.28,145.38,145.82,25692361,AAPL
2017-06-27,145.01,146.16,143.62,143.73,24761891,AAPL
2017-06-28,144.49,146.11,143.1601,145.83,22082432,AAPL
2017-06-29,144.71,145.13,142.28,143.68,31499368,AAPL
2017-06-30,144.45,144.96,143.78,144.02,23024107,AAPL
2017-07-03,144.88,145.3001,143.1,143.5,14277848,AAPL
2017-07-05,143.69,144.79,142.7237,144.09,21569557,AAPL
2017-07-06,143.02,143.5,142.41,142.73,24128782,AAPL
2017-07-07,142.9,144.75,142.9,144.18,19201712,AAPL
2017-07-10,144.11,145.95,143.37,145.06,21090636,AAPL
2017-07-11,144.73,145.85,144.38,145.53,19781836,AAPL
2017-07-12,145.87,146.18,144.82,145.74,24884478,AAPL
2017-07-13,145.5,148.49,145.44,147.77,25199373,AAPL
2017-07-14,147.97,149.33,147.33,149.04,20132061,AAPL
2017-07-17,148.82,150.9,148.57,149.56,23793456,AAPL
2017-07-18,149.2,150.13,148.67,150.08,17868792,AAPL
2017-07-19,150.48,151.42,149.95,151.02,20922969,AAPL
2017-07-20,151.5,151.74,150.19,150.34,17243748,AAPL
2017-07-21,149.99,150.44,148.88,150.27,26252630,AAPL
2017-07-24,150.58,152.44,149.9,152.09,21493160,AAPL
2017-07-25,151.8,153.84,151.8,152.74,18853932,AAPL
2017-07-26,153.35,153.93,153.06,153.46,15780951,AAPL
2017-07-27,153.75,153.99,147.3,150.56,32476337,AAPL
2017-07-28,149.89,150.23,149.19,149.5,17213653,AAPL
2017-07-31,149.9,150.33,148.13,148.73,19845920,AAPL
2017-08-01,157.06,158.92,156.6701,158.59,21194042,AAPL
2017-08-02,159.28,159.75,156.16,157.14,69936800,AAPL
2017-08-03,157.05,157.21,155.02,155.57,27097296,AAPL
2017-08-04,156.07,157.4,155.69,156.39,20559852,AAPL
2017-08-07,157.06,158.92,156.6701,158.81,21870321,AAPL
2017-08-08,158.6,161.83,158.27,160.08,36205896,AAPL
2017-08-09,159.26,161.27,159.11,161.06,26131530,AAPL
2017-08-10,159.9,160.0,154.63,155.32,40804273,AAPL
2017-08-11,156.6,158.5728,156.07,157.48,26257096,AAPL
2017-08-14,159.32,160.21,158.75,159.85,22122734,AAPL
2017-08-15,160.66,162.195,160.14,161.6,29465487,AAPL
2017-08-16,161.94,162.51,160.15,160.95,27671612,AAPL
2017-08-17,160.52,160.71,157.84,157.86,27940565,AAPL
2017-08-18,157.86,159.5,156.72,157.5,27428069,AAPL
2017-08-21,157.5,157.89,155.1101,157.21,26368528,AAPL
2017-08-22,158.23,160.0,158.02,159.78,21604585,AAPL
2017-08-23,159.07,160.47,158.88,159.98,19399081,AAPL
2017-08-24,160.43,160.74,158.55,159.27,19818918,AAPL
2017-08-25,159.65,160.56,159.27,159.86,25480063,AAPL
2017-08-28,160.14,162.0,159.93,161.47,25965972,AAPL
2017-08-29,160.1,163.12,160.0,162.91,29516910,AAPL
2017-08-30,163.8,163.89,162.61,163.35,27269584,AAPL
2017-08-31,163.64,164.52,163.48,164.0,26785096,AAPL
2017-09-01,164.8,164.94,163.63,164.05,16591051,AAPL
2017-09-05,163.75,164.25,160.56,162.08,29536314,AAPL
2017-09-06,162.71,162.99,160.52,161.91,21651726,AAPL
2017-09-07,162.09,162.24,160.36,161.26,21928502,AAPL
2017-09-08,160.86,161.15,158.53,158.63,28611535,AAPL
2017-09-11,160.5,162.05,159.89,161.5,31580798,AAPL
2017-09-12,162.61,163.96,158.77,160.86,71714046,AAPL
2017-09-13,159.87,159.96,157.91,159.65,44907361,AAPL
2017-09-14,158.99,159.4,158.09,158.28,23760749,AAPL
2017-09-15,158.47,160.97,158.0,159.88,49114602,AAPL
2017-09-18,160.11,160.5,157.995,158.67,28269435,AAPL
2017-09-19,159.51,159.77,158.44,158.73,20810632,AAPL
2017-09-20,157.9,158.26,153.83,156.07,52951364,AAPL
2017-09-21,155.8,155.8,152.75,153.39,37511661,AAPL
2017-09-22,152.02,152.27,150.56,151.89,46645443,AAPL
2017-09-25,149.99,151.83,149.16,150.55,44387336,AAPL
2017-09-26,151.78,153.92,151.69,153.14,36660045,AAPL
2017-09-27,153.8,154.7189,153.54,154.23,25504227,AAPL
2017-09-28,153.89,154.28,152.7,153.28,22005455,AAPL
2017-09-29,153.21,154.13,152.0,154.12,26299810,AAPL
2017-10-02,154.26,154.45,152.72,153.81,18698842,AAPL
2017-10-03,154.01,155.09,153.91,154.48,16230293,AAPL
2017-10-04,153.63,153.86,152.46,153.48,20163750,AAPL
2017-10-05,154.18,155.44,154.05,155.39,21283769,AAPL
2017-10-06,154.97,155.49,154.56,155.3,17407558,AAPL
2017-10-09,155.81,156.73,155.485,155.84,16262923,AAPL
2017-10-10,156.055,158.0,155.1,155.9,15617014,AAPL
2017-10-11,155.97,156.98,155.75,156.55,16905640,AAPL
2017-10-12,156.35,157.37,155.7299,156.0,16125054,AAPL
2017-10-13,156.73,157.28,156.41,156.99,16394188,AAPL
2017-10-16,157.9,160.0,157.65,159.88,24121452,AAPL
2017-10-17,159.78,160.87,159.23,160.47,18997275,AAPL
2017-10-18,160.42,160.71,159.6,159.76,16374164,AAPL
2017-10-19,156.75,157.08,155.02,155.98,42584166,AAPL
2017-10-20,156.61,157.75,155.96,156.25,23974146,AAPL
2017-10-23,156.89,157.69,155.5,156.17,21984327,AAPL
2017-10-24,156.29,157.42,156.2,157.1,17757230,AAPL
2017-10-25,156.91,157.55,155.27,156.41,21207098,AAPL
2017-10-26,157.23,157.8295,156.78,157.41,17000469,AAPL
2017-10-27,159.29,163.6,158.7,163.05,44454160,AAPL
2017-10-30,163.89,168.07,163.72,166.72,44700772,AAPL
2017-10-31,167.9,169.6499,166.94,169.04,36046828,AAPL
2017-11-01,169.87,169.94,165.61,166.89,33637762,AAPL
2017-11-02,167.64,168.5,165.28,168.11,41393373,AAPL
2017-11-03,174.0,174.26,171.12,172.5,59398631,AAPL
2017-11-06,172.365,174.99,171.72,174.25,35026306,AAPL
2017-11-07,173.91,175.25,173.6,174.81,24361485,AAPL
2017-11-08,174.66,176.24,174.33,176.24,24409527,AAPL
2017-11-09,175.11,176.095,173.14,175.88,29185668,AAPL
2017-11-10,175.11,175.38,174.27,174.67,25145500,AAPL
2017-11-13,173.5,174.5,173.4,173.97,16982080,AAPL
2017-11-14,173.04,173.48,171.18,171.34,24782487,AAPL
2017-11-15,169.97,170.3197,168.38,169.08,29158070,AAPL
2017-11-16,171.18,171.87,170.3,171.1,23637484,AAPL
2017-11-17,171.04,171.39,169.64,170.15,21899544,AAPL
2017-11-20,170.29,170.56,169.56,169.98,16262447,AAPL
2017-11-21,170.78,173.7,170.78,173.14,25131295,AAPL
2017-11-22,173.36,175.0,173.05,174.96,25588925,AAPL
2017-11-24,175.1,175.5,174.6459,174.97,14026673,AAPL
2017-11-27,175.05,175.08,173.34,174.09,20716802,AAPL
2017-11-28,174.3,174.87,171.86,173.07,26428802,AAPL
2017-11-29,172.63,172.92,167.16,169.48,41666364,AAPL
2017-11-30,170.43,172.14,168.44,171.85,41527218,AAPL
2017-12-01,169.95,171.67,168.5,171.05,39759288,AAPL
2017-12-04,172.48,172.62,169.63,169.8,32542385,AAPL
2017-12-05,169.06,171.52,168.4,169.64,27350154,AAPL
2017-12-06,167.5,170.2047,166.46,169.01,28560000,AAPL
2017-12-07,169.03,170.44,168.91,169.32,25673308,AAPL
2017-12-08,170.49,171.0,168.82,169.37,23355231,AAPL
2017-12-11,169.2,172.89,168.79,172.67,35273759,AAPL
2017-12-12,172.15,172.39,171.46099999999998,171.7,19409230,AAPL
2017-12-13,172.5,173.54,172.0,172.27,23818447,AAPL
2017-12-14,172.4,173.13,171.65,172.22,20476541,AAPL
2017-12-15,173.63,174.17,172.46,173.97,40169307,AAPL
2017-12-18,174.88,177.2,174.86,176.42,29421114,AAPL
2017-12-19,175.03,175.39,174.09,174.54,27436447,AAPL
2017-12-20,174.87,175.42,173.25,174.35,23475649,AAPL
2017-12-21,174.17,176.02,174.1,175.01,20949896,AAPL
2017-12-22,174.68,175.424,174.5,175.01,16349444,AAPL
2017-12-26,170.8,171.47,169.679,170.57,33185536,AAPL
2017-12-27,170.1,170.78,169.71,170.6,21498213,AAPL
2017-12-28,171.0,171.85,170.48,171.08,16480187,AAPL
2017-12-29,170.52,170.59,169.22,169.23,25999922,AAPL
2018-01-02,170.16,172.3,169.26,172.26,25555934,AAPL
2018-01-03,172.53,174.55,171.96,172.23,29517899,AAPL
2018-01-04,172.54,173.47,172.08,173.03,22434597,AAPL
2018-01-05,173.44,175.37,173.05,175.0,23660018,AAPL
2018-01-08,174.35,175.61,173.93,174.35,20567766,AAPL
2018-01-09,174.55,175.06,173.41,174.33,21583997,AAPL
2018-01-10,173.16,174.3,173.0,174.29,23959895,AAPL
2018-01-11,174.59,175.4886,174.49,175.28,18667729,AAPL
2018-01-12,176.18,177.36,175.65,177.09,25418080,AAPL
2018-01-16,177.9,179.39,176.14,176.19,29565947,AAPL
2018-01-17,176.15,179.25,175.07,179.1,34386836,AAPL
2018-01-18,179.37,180.1,178.25,179.26,31193352,AAPL
2018-01-19,178.61,179.58,177.41,178.46,32425067,AAPL
2018-01-22,177.3,177.78,176.6016,177.0,27108551,AAPL
2018-01-23,177.3,179.44,176.82,177.04,32689146,AAPL
2018-01-24,177.25,177.3,173.2,174.22,51105090,AAPL
2018-01-25,174.505,174.95,170.53,171.11,41529004,AAPL
2018-01-26,172.0,172.0,170.06,171.51,39143011,AAPL
2018-01-29,170.16,170.16,167.07,167.96,50640406,AAPL
2018-01-30,165.525,167.37,164.7,166.97,46048185,AAPL
2018-01-31,166.87,168.4417,166.5,167.43,32478930,AAPL
2018-02-01,167.165,168.62,166.76,167.78,47230787,AAPL
2018-02-02,166.0,166.8,160.1,160.5,86593825,AAPL
2018-02-05,159.1,163.88,156.0,156.49,72738522,AAPL
2018-02-06,154.83,163.72,154.0,163.03,68243838,AAPL
2018-02-07,163.085,163.4,159.0685,159.54,51608580,AAPL
